DateTime,internal_txn_id,platform_txn_id,Venue,Transaction Type,Base Asset,Base Asset Amount,Quote Asset,Quote Asset Amount,Price Paid,Txn Fee Asset,Txn Fee Paid Quantity,Txn_Total,NOTES
2018-06-06T00:00:00.000Z,1,-,RobinHood,BUY,BTC,0.019629910,USD,150.00,"7,641.40",USD,0.000,150.00,
2020-09-09T14:55:03.000Z,2,-,Coinbase,BUY,BTC,1.005254410,USD,10345.85,"10,291.77",USD,154.150,"10,500.00","Bought 1.00525441 BTC for $10,500.00 USD"
2020-09-16T00:00:00.000Z,3,-,RobinHood,BUY,BTC,0.908270840,USD,10041.66,"11,055.80",USD,0.000,"10,041.66",
2020-11-11T22:42:34.000Z,4,8G522209CJ2791503,PayPal,BUY,ETH,2.140548400,USD,1000.00,467.17,USD,0.000,"1,000.00",
2020-11-23T02:48:47.000Z,5,-,Coinbase,BUY,ETH,8.764167920,USD,4926.59,562.13,USD,73.410,"5,000.00","Bought 8.76416792 ETH for $5,000.00 USD"
2020-11-23T02:57:17.000Z,3034,,Coinbase,TRANSFER - SEND,ETH,0.019020260,USD,10.71,562.84,,,,Sent 0.01902026 ETH to 0x37E12652d20543525628A33dD885e6F543DFa190
2020-12-03T15:37:25.000Z,6,2YY928270P575752F,PayPal,BUY,ETH,0.008146500,USD,5.00,613.76,USD,0.000,5.00,
2020-12-03T15:38:06.000Z,7,08U84659D5399540J,PayPal,BUY,ETH,0.008146370,USD,5.00,613.77,USD,0.000,5.00,
2020-12-08T13:08:33.287Z,8,112906799,CB Pro,BUY,BTC,0.002718000,USD,51.17,"18,826.15",USD,0.256,51.43,
2020-12-08T13:08:33.287Z,8,112906800,CB Pro,BUY,BTC,0.002718000,USD,51.17,"18,826.15",USD,0.256,51.43,
2020-12-08T13:08:33.287Z,8,112906801,CB Pro,BUY,BTC,0.001859000,USD,35.00,"18,827.09",USD,0.175,35.17,
2020-12-08T13:08:33.287Z,8,112906802,CB Pro,BUY,BTC,0.001859000,USD,35.00,"18,827.09",USD,0.175,35.17,
2020-12-08T13:08:33.287Z,8,112906803,CB Pro,BUY,BTC,0.002069400,USD,38.96,"18,827.83",USD,0.195,39.16,
2020-12-08T13:08:33.287Z,8,112906804,CB Pro,BUY,BTC,0.001859000,USD,35.00,"18,828.03",USD,0.175,35.18,
2020-12-08T13:08:33.287Z,8,112906805,CB Pro,BUY,BTC,0.039763700,USD,748.72,"18,829.31",USD,3.744,752.47,
2020-12-10T00:00:00.000Z,9,-,RobinHood,SELL,BTC,0.927900750,USD,16740.01,"18,040.73",USD,0.000,"16,740.01",
2020-12-12T00:00:00.000Z,10,-,Coinbase,AIRDROP,FIL,0.066653790,USD,0.00,0.00,USD,0.000,0.00,Receive FIL Airdro
2020-12-12T00:00:00.000Z,11,-,Coinbase,AIRDROP,FIL,0.066630690,USD,0.00,0.00,USD,0.000,0.00,Receive FIL Airdro
2020-12-12T00:00:00.000Z,12,-,Coinbase,AIRDROP,FIL,0.066645350,USD,0.00,0.00,USD,0.000,0.00,Receive FIL Airdro
2020-12-16T03:43:02.650Z,13,113864529,CB Pro,SELL,BTC,0.000500000,USD,9.69,"19,380.00",USD,0.048,9.74,
2020-12-16T03:43:02.650Z,13,113864530,CB Pro,SELL,BTC,0.741700000,USD,14371.15,"19,375.96",USD,71.856,"14,443.01",
2020-12-16T03:43:02.650Z,13,113864531,CB Pro,SELL,BTC,0.001408000,USD,27.28,"19,375.00",USD,0.136,27.42,
2020-12-16T03:43:02.650Z,13,113864532,CB Pro,SELL,BTC,0.247413330,USD,4793.09,"19,372.81",USD,23.965,"4,817.06",
2020-12-16T03:43:02.650Z,13,113864533,CB Pro,SELL,BTC,0.067079180,USD,1299.51,"19,372.81",USD,6.498,"1,306.01",
2020-12-16T14:24:53.577Z,14,113937906,CB Pro,BUY,BTC,1.000166430,USD,20627.80,"20,624.37",USD,72.197,"20,700.00",
2020-12-16T20:37:32.000Z,15,-,PayPal,BUY,BTC,0.573207150,USD,15000.00,"26,168.55",USD,0.000,"15,000.00",
2020-12-21T23:09:04.146Z,16,115195122,CB Pro,BUY,BTC,0.159121850,USD,3685.31,"23,160.31",USD,12.899,"3,698.21",
2021-01-03T22:03:49.442Z,21,118241529,CB Pro,BUY,BTC,0.328033530,USD,10961.63,"33,416.20",USD,38.366,"11,000.00",
2021-01-11T04:10:19.050Z,22,75429023,CB Pro,BUY,ETH,0.383213960,USD,429.51,"1,120.81",USD,1.074,430.58,
2021-01-11T04:10:19.050Z,22,75429024,CB Pro,BUY,ETH,4.066720610,USD,4558.02,"1,120.81",USD,11.395,"4,569.42",
2021-01-11T18:17:22.722Z,23,122072757,CB Pro,BUY,BTC,0.121911630,USD,3990.03,"32,728.91",USD,9.975,"4,000.01",
2021-01-28T06:14:28.391Z,24,126982450,CB Pro,SELL,BTC,0.638340990,USD,20220.54,"31,676.70",USD,71.271,"20,291.81",
2021-01-28T06:14:28.396Z,24,126982451,CB Pro,SELL,BTC,0.792000000,USD,25087.95,"31,676.70",USD,88.427,"25,176.37",
2021-01-28T06:14:28.431Z,24,126982452,CB Pro,SELL,BTC,0.178892450,USD,5666.72,"31,676.70",USD,19.973,"5,686.70",
2021-01-28T06:30:33.000Z,17,8MT41320SS505574K,PayPal,SELL,BTC,0.573207150,USD,18110.36,"31,594.79",USD,(271.660),"17,838.70",
2021-01-29T02:01:58.552Z,25,80523449,CB Pro,BUY,ETH,0.670000000,USD,903.16,"1,348.00",USD,1.355,904.51,
2021-01-29T02:01:58.595Z,25,80523450,CB Pro,BUY,ETH,0.110000000,USD,148.28,"1,348.00",USD,0.222,148.50,
2021-01-29T02:01:58.642Z,25,80523451,CB Pro,BUY,ETH,0.240000000,USD,323.52,"1,348.00",USD,0.485,324.01,
2021-01-29T02:01:58.836Z,25,80523453,CB Pro,BUY,ETH,0.110000000,USD,148.28,"1,348.00",USD,0.222,148.50,
2021-01-29T02:02:00.020Z,26,80523458,CB Pro,BUY,ETH,23.100000000,USD,31138.80,"1,348.00",USD,46.708,"31,185.51",
2021-01-29T02:02:00.828Z,26,80523463,CB Pro,BUY,ETH,13.270000000,USD,17887.96,"1,348.00",USD,26.832,"17,914.79",
2021-02-08T13:17:34.895Z,27,130429230,CB Pro,BUY,BTC,0.001813970,USD,77.64,"42,800.00",USD,0.078,77.72,
2021-02-08T13:17:34.910Z,27,130429231,CB Pro,BUY,BTC,0.827474750,USD,35415.92,"42,800.00",USD,35.416,"35,451.34",
2021-02-08T13:29:17.000Z,18,2UE45457H31663817,PayPal,BUY,BTC,0.339194900,USD,15000.00,"44,222.36",USD,225.000,"15,225.00",
2021-02-12T04:58:49.000Z,3021,,Coinbase,TRANSFER - SEND,ETH,0.103612000,USD,181.05,"1,747.43",,,,Sent 0.103612 ETH to 0x37E12652d20543525628A33dD885e6F543DFa190
2021-02-12T05:04:50.000Z,3022,,Coinbase,TRANSFER - SEND,ETH,1.003612000,USD,1753.74,"1,747.43",,,,Sent 1.003612 ETH to 0x37E12652d20543525628A33dD885e6F543DFa190
2021-02-12T05:18:14.000Z,3023,,Coinbase,TRANSFER - SEND,ETH,24.003612000,USD,42055.29,"1,752.04",,,,Sent 24.003612 ETH to 0x37E12652d20543525628A33dD885e6F543DFa190
2021-02-13T04:34:35.000Z,56,ETH_0x80333eb4d38438bd695547b5ff6ef8c95534ede8c1281950812826157dd33767,Uniswap,SELL (Token Swap),ETH,0.500000000,USD,930.56,"1,861.13",ETH,0.021,,1of2 Swap ETH for GRT
2021-02-13T04:34:35.000Z,56,ETH_0x80333eb4d38438bd695547b5ff6ef8c95534ede8c1281950812826157dd33767,Uniswap,BUY (Token Swap),GRT,392.555503262,USD,930.56,2.37,ETH,0.021,,2of2 Swap ETH for GRT
2021-02-19T15:58:55.000Z,118,ETH_0x5a3f4008e0f6423668bdd1fc35918b8ea6943905d0d0a18cd03be1c526e31b11,FREN Transfer,SELL (Token Swap),ETH,1.500000000,USD,2915.00,"1,943.33",ETH,0.004,,1of2 ETH to BNB - Send
2021-02-20T16:49:02.000Z,119,BNB_0x65913602518a91dda0c37fe6fb33c9d53882b18efe6936dd05a9a325648191c5,FREN Transfer,BUY (Token Swap),BNB,9.860000000,USD,2723.11,276.18,BNB,0.000,,2of2 ETH to BNB - Receive
2021-02-20T21:58:34.000Z,57,ETH_0x6164c6019a909046a3fd67fd788a353ee11422be26a8892daffed97df8bad797,Balancer,SELL (Token Swap),ETH,1.000000000,USD,1915.12,"1,915.12",ETH,0.017,,1of2 Swap ETH for SRM
2021-02-20T21:58:34.000Z,57,ETH_0x6164c6019a909046a3fd67fd788a353ee11422be26a8892daffed97df8bad797,Balancer,BUY (Token Swap),SRM,424.885162000,USD,1915.12,4.51,ETH,0.017,,2of2-Swap ETH for SRM
2021-02-24T04:27:39.000Z,121,ETH_0x3740160885f176d365ad90978e89c252a1efc363070dfad5f082d643294ae80c,BNB_BRIDGE-SEND,IGNORE-Transfer,ETH,0.500000000,USD,822.28,"1,644.56",,,,Bridge ETH to BNB
2021-02-24T04:45:00.000Z,120,BNB_0x865015802b5c3673108a25805fd561b3f653d156b180bc38df1565710072004a,Pancake,SELL (Token Swap),BNB,9.860000000,USD,2445.18,247.99,,,,1of2 Swap BNB for ADA
2021-02-24T04:45:00.000Z,120,BNB_0x865015802b5c3673108a25805fd561b3f653d156b180bc38df1565710072004a,Pancake,BUY (Token Swap),ADA,2434.659428804,USD,2445.18,1.00,,,,2of2 Swap BNB for ADA
2021-02-24T04:46:48.000Z,122,BNB_0xb856d8b135b9b4d837a20b14ef5ad121fa62f6432d58f7da99e973ad5334539b,Pancake,SELL (Token Swap),ETH,0.500000000,USD,822.28,"1,644.56",,,,1of2 Swap ETH for BNB
2021-02-24T04:46:48.000Z,122,BNB_0xb856d8b135b9b4d837a20b14ef5ad121fa62f6432d58f7da99e973ad5334539b,Pancake,BUY (Token Swap),BNB,3.284430310,USD,822.28,250.36,,,,2of2 Swap ETH for BNB
2021-02-25T03:04:52.000Z,1000,ETH_0xa382fc5441fcc1adae76a49e4e4769005f3b13233e04049ef3b4d07987ed3302,BNB_BRIDGE-SEND,IGNORE-Transfer,ETH,3.000000000,USD,4913.55,"1,637.85",,,,Bridge ETH to BNB
2021-02-25T03:30:55.000Z,450,BNB_0x0050ce50c935b51fdd1c39f4f1bc0e31d3a9ee452f6aa285da3ee0ac2836eb9a,Pancake,SELL (Token Swap),ETH,2.000000000,USD,3256.59,"1,628.30",,,,1of2 Swap ETH for ADA
2021-02-25T03:30:55.000Z,450,BNB_0x0050ce50c935b51fdd1c39f4f1bc0e31d3a9ee452f6aa285da3ee0ac2836eb9a,Pancake,BUY (Token Swap),ADA,3117.490024038,USD,3256.59,1.04,,,,2of2 Swap ETH for ADA
2021-02-25T03:36:01.000Z,58,ETH_0x36548c2613998a3719b77f6bb60ae8ee98c8014f9c792cb61467d69b0ac3b24e,Balancer,SELL (Token Swap),ETH,3.000000000,USD,4884.89,"1,628.30",,,"4,884.89",1of2-Swap ETH for SRM
2021-02-25T03:36:01.000Z,58,ETH_0x36548c2613998a3719b77f6bb60ae8ee98c8014f9c792cb61467d69b0ac3b24e,Balancer,BUY (Token Swap),SRM,647.641077000,USD,4884.89,7.54,,,"4,884.89",2of2-Swap ETH for SRM
2021-02-25T03:39:07.000Z,123,BNB_0x0a93a144dc04d38b43c184f6fa94afadd0742a6b666f3b4b232d2f8f6bdcb311,Pancake,SELL (Token Swap),ETH,1.000000000,USD,1510.36,"1,510.36",,,,1of2 Swap ETH for BNB
2021-02-25T03:39:07.000Z,123,BNB_0x0a93a144dc04d38b43c184f6fa94afadd0742a6b666f3b4b232d2f8f6bdcb311,Pancake,BUY (Token Swap),BNB,6.438826350,USD,1510.36,234.57,,,,2of2 Swap ETH for BNB
2021-02-26T13:17:30.000Z,19,3SP002886M430905W,PayPal,SELL,BTC,0.339194900,USD,15695.84,"46,273.81",USD,(235.440),"15,460.40",
2021-02-26T13:19:21.000Z,20,9A204567M7459682N,PayPal,SELL,ETH,2.156841270,USD,3149.65,"1,460.31",USD,(47.240),"3,102.41",
2021-02-28T04:30:14.520Z,28,139316949,CB Pro,SELL,BTC,0.003184560,USD,142.08,"44,615.75",USD,0.214,142.30,
2021-02-28T04:30:14.620Z,28,139316950,CB Pro,SELL,BTC,0.006667000,USD,297.45,"44,615.75",USD,0.448,297.90,
2021-02-28T04:30:14.907Z,28,139316951,CB Pro,SELL,BTC,0.340110610,USD,15174.29,"44,615.75",USD,22.830,"15,197.12",
2021-02-28T04:30:14.933Z,28,139316952,CB Pro,SELL,BTC,0.002158620,USD,96.31,"44,615.75",USD,0.145,96.45,
2021-02-28T04:30:15.458Z,28,139316953,CB Pro,SELL,BTC,0.044267580,USD,1975.03,"44,615.75",USD,2.971,"1,978.00",
2021-02-28T04:30:15.579Z,28,139316954,CB Pro,SELL,BTC,0.147290420,USD,6571.47,"44,615.75",USD,9.887,"6,581.36",
2021-02-28T04:30:15.611Z,28,139316955,CB Pro,SELL,BTC,0.147290420,USD,6571.47,"44,615.75",USD,9.887,"6,581.36",
2021-02-28T04:30:15.687Z,28,139316956,CB Pro,SELL,BTC,0.003604570,USD,160.82,"44,615.75",USD,0.242,161.06,
2021-02-28T04:30:16.321Z,28,139316964,CB Pro,SELL,BTC,0.022278730,USD,993.98,"44,615.75",USD,1.495,995.48,
2021-02-28T04:30:17.109Z,28,139316967,CB Pro,SELL,BTC,0.001067830,USD,47.64,"44,615.75",USD,0.072,47.71,
2021-02-28T04:30:17.226Z,28,139316968,CB Pro,SELL,BTC,0.021911220,USD,977.59,"44,615.75",USD,1.471,979.06,
2021-02-28T04:30:17.250Z,28,139316969,CB Pro,SELL,BTC,0.000518980,USD,23.15,"44,615.75",USD,0.035,23.19,
2021-02-28T04:30:17.512Z,28,139316970,CB Pro,SELL,BTC,0.031600000,USD,1409.86,"44,615.75",USD,2.121,"1,411.98",
2021-02-28T04:30:17.645Z,28,139316971,CB Pro,SELL,BTC,0.004381870,USD,195.50,"44,615.75",USD,0.294,195.79,
2021-02-28T04:30:17.769Z,28,139316972,CB Pro,SELL,BTC,0.008766200,USD,391.11,"44,615.75",USD,0.588,391.70,
2021-02-28T04:30:17.936Z,28,139316973,CB Pro,SELL,BTC,0.021915310,USD,977.77,"44,615.75",USD,1.471,979.24,
2021-02-28T04:30:18.062Z,28,139316974,CB Pro,SELL,BTC,0.001111750,USD,49.60,"44,615.75",USD,0.075,49.68,
2021-02-28T04:30:18.419Z,28,139316975,CB Pro,SELL,BTC,0.021163050,USD,944.21,"44,615.75",USD,1.421,945.63,
2021-02-28T05:16:32.455Z,29,89333749,CB Pro,SELL,ETH,0.334113540,USD,463.02,"1,385.83",USD,0.697,463.72,
2021-02-28T05:16:33.587Z,29,89333754,CB Pro,SELL,ETH,5.220431700,USD,7234.63,"1,385.83",USD,10.885,"7,245.52",
2021-02-28T05:16:34.127Z,29,89333755,CB Pro,SELL,ETH,10.000000000,USD,13858.30,"1,385.83",USD,20.850,"13,879.15",
2021-02-28T05:16:34.139Z,29,89333756,CB Pro,SELL,ETH,0.013267380,USD,18.39,"1,385.83",USD,0.028,18.41,
2021-02-28T05:16:34.142Z,29,89333757,CB Pro,SELL,ETH,8.430000000,USD,11682.55,"1,385.83",USD,17.577,"11,700.12",
2021-02-28T05:16:34.220Z,29,89333758,CB Pro,SELL,ETH,1.586433610,USD,2198.53,"1,385.83",USD,3.308,"2,201.84",
2021-02-28T17:09:53.000Z,3024,,Coinbase,TRANSFER - RECEIVE,ETH,10.000000000,USD,13379.90,"1,337.99",,,,Received 10.0000 ETH from an external account
2021-02-28T19:06:32.032Z,30,89516233,CB Pro,SELL,ETH,10.000000000,USD,13572.80,"1,357.28",USD,13.600,"13,586.40",
2021-03-01T04:05:13.000Z,1001,ETH_0xde2c3bdabaff4d04ad62a2788c3e743d7fc8982c885d6ad9e288e2248ab0fdb8,BNB_BRIDGE-SEND,IGNORE-Transfer,ETH,5.000000000,USD,7207.45,"1,441.49",ETH,,,Bridge ETH to BNB
2021-03-01T04:13:29.000Z,124,BNB_0x1d4ffb69a8c0cf34d1e7cc6ac7c8974b7f7f9b4f31979d45d346767c699b2d8f,Pancake,SELL (Token Swap),ETH,5.000000000,USD,7207.45,"1,441.49",BNB,,,1of2 Swap ETH for ADA
2021-03-01T04:13:29.000Z,124,BNB_0x1d4ffb69a8c0cf34d1e7cc6ac7c8974b7f7f9b4f31979d45d346767c699b2d8f,Pancake,BUY (Token Swap),ADA,5604.327494132,USD,7207.45,1.29,BNB,,,2of2 Swap ETH for ADA
2021-03-01T18:15:26.634Z,31,140035933,CB Pro,BUY,BTC,0.250000000,USD,12125.00,"48,500.00",USD,12.125,"12,137.13",
2021-03-02T05:21:18.677Z,32,140226421,CB Pro,BUY,BTC,1.000000000,USD,48500.00,"48,500.00",USD,48.500,"48,548.50",
2021-03-05T02:04:02.589Z,33,90469739,CB Pro,BUY,ETH,15.000000000,USD,21750.00,"1,450.00",USD,21.750,"21,771.75",
2021-03-11T05:26:09.000Z,3025,,Coinbase,TRANSFER - SEND,ETH,0.252121000,USD,450.65,"1,787.42",,,,Sent 0.252121 ETH to 0xcF3b39355375F865784f86A69Ddf36C6eA7C7577
2021-03-11T05:34:48.000Z,3029,,Coinbase,TRANSFER - SEND,BTC,0.000130480,USD,7.24,"55,475.68",,,,Sent 0.00013048 BTC to bc1qfer0aqhylyhmh43j7txwsrmqyjt5gkcx2q3zvk
2021-03-11T19:22:48.000Z,3026,,Coinbase,TRANSFER - SEND,ETH,14.747879000,USD,26616.97,"1,804.80",,,,Sent 14.747879 ETH to 0xcF3b39355375F865784f86A69Ddf36C6eA7C7577
2021-03-11T19:26:24.000Z,3030,,Coinbase,TRANSFER - SEND,BTC,0.250031070,USD,14332.77,"57,323.96",,,,Sent 0.25003107 BTC to bc1qvfhegac0xcrfrsn4lyapks4xfl3rr2ycrj8556
2021-03-12T02:17:14.000Z,3031,,Coinbase,TRANSFER - SEND,BTC,0.400030420,USD,22723.53,"56,804.50",,,,Sent 0.40003042 BTC to bc1q479u7yeh445ylhtkcpupx5jrkhfenu2phnxunz
2021-03-13T03:55:30.000Z,3032,,Coinbase,TRANSFER - SEND,BTC,0.599808030,USD,34008.53,"56,699.03",,,,Sent 0.59980803 BTC to bc1q2qnhdwt0drs02d07sd6v4ajletl2su3js07gn6
2021-05-12T22:52:31.000Z,3033,,Coinbase,TRANSFER - RECEIVE,BTC,1.249707400,USD,65847.80,"52,690.57",,,,Received 1.2497074 BTC from an external account
2021-05-12T23:35:48.980Z,34,168842773,CB Pro,SELL,BTC,0.011500000,USD,584.38,"50,815.31",USD,2.951,587.33,
2021-05-12T23:35:48.980Z,34,168842774,CB Pro,SELL,BTC,0.000618000,USD,31.40,"50,811.95",USD,0.159,31.56,
2021-05-12T23:35:48.980Z,34,168842775,CB Pro,SELL,BTC,0.289000000,USD,14681.41,"50,800.71",USD,74.149,"14,755.55",
2021-05-12T23:35:48.980Z,34,168842776,CB Pro,SELL,BTC,0.009744870,USD,495.00,"50,795.92",USD,2.500,497.50,
2021-05-12T23:35:48.980Z,34,168842777,CB Pro,SELL,BTC,0.001903540,USD,96.68,"50,787.00",USD,0.488,97.16,
2021-05-12T23:35:48.980Z,34,168842778,CB Pro,SELL,BTC,0.001000000,USD,50.79,"50,786.98",USD,0.256,51.04,
2021-05-12T23:35:48.980Z,34,168842779,CB Pro,SELL,BTC,0.000100000,USD,5.08,"50,777.10",USD,0.026,5.10,
2021-05-12T23:35:48.980Z,34,168842780,CB Pro,SELL,BTC,0.040000000,USD,2030.82,"50,770.57",USD,10.257,"2,041.08",
2021-05-12T23:35:48.980Z,34,168842781,CB Pro,SELL,BTC,0.010000000,USD,507.69,"50,768.64",USD,2.564,510.25,
2021-05-12T23:35:48.980Z,34,168842782,CB Pro,SELL,BTC,0.885840980,USD,44971.78,"50,767.33",USD,227.130,"45,198.91",
2021-05-14T22:08:07.000Z,3018,,Coinbase,TRANSFER - SEND,USDC,63.869414000,USD,63.87,1.00,,,,Sent 63.869414 USDC to 0x9AccbE184A0EbFDD99Ac49f4F0c1bC031C416644
2021-05-16T20:34:18.037Z,35,114652474,CB Pro,BUY,ETH,3.000000000,USD,10203.00,"3,401.00",USD,15.305,"10,218.30",
2021-05-17T03:24:02.996Z,36,114908363,CB Pro,BUY,ETH,1.700764730,USD,5614.22,"3,301.00",USD,8.421,"5,622.65",
2021-05-17T03:24:03.007Z,36,114908365,CB Pro,BUY,ETH,0.299235270,USD,987.78,"3,301.00",USD,1.482,989.26,
2021-05-17T15:13:06.000Z,54,14b60c97-2c82-4dfa-a0fa-e7311eae401c,Paxos,BUY,PAXG,7.920000000,USD,14987.12,"1,892.31",USD,0.000,"14,987.12",
2021-05-17T21:47:19.287Z,37,115501183,CB Pro,BUY,ETH,5.000000000,USD,16500.00,"3,300.00",USD,24.750,"16,524.75",
2021-05-19T02:16:55.000Z,3027,,Coinbase,TRANSFER - SEND,ETH,5.002667000,USD,15970.61,"3,192.42",,,,Sent 5.002667 ETH to 0x37E12652d20543525628A33dD885e6F543DFa190
2021-05-19T02:17:58.791Z,38,116200686,CB Pro,BUY,ETH,5.000000000,USD,15900.00,"3,180.00",USD,23.850,"15,923.85",
2021-05-19T02:25:43.000Z,1002,ETH_0xb74cf5cdf799a7101b8f51fb15d23f8945e8e8757bed5c999e702105c2758389,BNB_BRIDGE-SEND,IGNORE-Transfer,ETH,5.000000000,USD,15919.91,"3,183.98",ETH,,,Bridge ETH to BSC
2021-05-19T02:37:36.000Z,125,BNB_0x6db58ccb35934407094dee35e43fd869cc61f8bbb58b8a0b3f13e2ecceaa45a7,Pancake,SELL (Token Swap),ETH,5.000000000,USD,15919.91,"3,183.98",BNB,,,1of2 Swap ETH for DOT
2021-05-19T02:37:36.000Z,125,BNB_0x6db58ccb35934407094dee35e43fd869cc61f8bbb58b8a0b3f13e2ecceaa45a7,Pancake,BUY (Token Swap),DOT,411.337707459,USD,15919.91,38.70,BNB,,,2of2 Swap ETH for DOT
2021-05-19T12:50:07.201Z,39,7151558,CB Pro,BUY,AAVE,10.000000000,USD,4500.00,450.00,USD,6.750,"4,506.75",
2021-05-20T03:16:43.033Z,40,117988807,CB Pro,SELL,ETH,0.861835000,USD,2128.78,"2,470.05",USD,2.133,"2,130.91",
2021-05-20T03:16:43.255Z,40,117988808,CB Pro,SELL,ETH,0.001179600,USD,2.91,"2,470.05",USD,0.003,2.92,
2021-05-20T03:17:13.120Z,41,117989129,CB Pro,SELL,ETH,0.933853740,USD,2306.67,"2,470.05",USD,2.311,"2,308.98",
2021-05-20T03:17:13.125Z,41,117989130,CB Pro,SELL,ETH,0.717696970,USD,1772.75,"2,470.05",USD,1.776,"1,774.52",
2021-05-20T03:17:13.364Z,41,117989131,CB Pro,SELL,ETH,7.482767690,USD,18482.81,"2,470.05",USD,18.520,"18,501.33",
2021-05-20T03:32:20.413Z,42,117999444,CB Pro,BUY,ETH,10.556483530,USD,25863.38,"2,450.00",USD,25.863,"25,889.25",
2021-05-20T03:32:20.413Z,42,117999445,CB Pro,BUY,ETH,0.443516470,USD,1086.62,"2,450.00",USD,1.087,"1,087.70",
2021-05-25T10:05:40.037Z,43,7260008,CB Pro,BUY,ETH,3.000000000,USD,7500.00,"2,500.00",USD,7.500,"7,507.50",*Actually USDC
2021-07-20T21:39:40.000Z,3006,,Coinbase,TRANSFER - SEND,AAVE,9.999673480,USD,2243.73,224.38,,,,Sent 9.99967348 AAVE to 0x37E12652d20543525628A33dD885e6F543DFa190
2021-07-28T03:52:24.184Z,44,814911,CB Pro,BUY,SOL,199.992000000,USD,5599.78,28.00,USD,27.999,"5,627.77",
2021-07-28T03:52:24.223Z,44,814912,CB Pro,BUY,SOL,0.008000000,USD,0.22,28.00,USD,0.001,0.23,
2021-07-30T06:10:59.191Z,45,140933464,CB Pro,BUY,ETH,1.311406450,USD,3147.38,"2,400.00",USD,15.737,"3,163.11",
2021-07-30T06:10:59.191Z,45,140933465,CB Pro,BUY,ETH,3.150440180,USD,7561.06,"2,400.00",USD,37.805,"7,598.86",
2021-07-30T06:10:59.191Z,45,140933466,CB Pro,BUY,ETH,0.538153370,USD,1291.57,"2,400.00",USD,6.458,"1,298.03",
2021-08-27T03:02:22.000Z,3019,,Coinbase,TRANSFER - SEND,USDC,103.594441000,USD,103.59,1.00,,,,Sent 103.594441 USDC to 0xcF3b39355375F865784f86A69Ddf36C6eA7C7577
2021-08-27T03:09:32.000Z,3020,,Coinbase,TRANSFER - SEND,USDC,4904.296378000,USD,4904.30,1.00,,,,"Sent 4,904.296378 USDC to 0xcF3b39355375F865784f86A69Ddf36C6eA7C7577"
2021-09-02T02:00:36.000Z,3007,,Coinbase,TRANSFER - SEND,SOL,1.500005000,USD,166.37,110.91,,,,Sent 1.500005 SOL to 6kjdJfA43yxqrXMRD32bWaRjfzoCZnreQPk6zYeMVbK2
2021-09-04T15:26:00.000Z,3008,,Coinbase,TRANSFER - RECEIVE,SOL,1.499995000,USD,213.55,142.37,,,,Received 1.499995 SOL from an external account
2021-09-04T15:31:38.000Z,3009,,Coinbase,TRANSFER - SEND,SOL,1.500005000,USD,214.08,142.72,,,,Sent 1.500005 SOL to 6kjdJfA43yxqrXMRD32bWaRjfzoCZnreQPk6zYeMVbK2
2021-09-04T15:33:18.000Z,3010,,Coinbase,TRANSFER - SEND,SOL,198.499985000,USD,28335.87,142.75,,,,Sent 198.499985 SOL to 6kjdJfA43yxqrXMRD32bWaRjfzoCZnreQPk6zYeMVbK2
2021-09-04T15:40:44.000Z,3028,,Coinbase,TRANSFER - SEND,ETH,19.000000000,USD,74353.08,"3,913.32",,,,Sent 19.0000 ETH to 0xcF3b39355375F865784f86A69Ddf36C6eA7C7577
2021-09-05T03:27:53.000Z,64,SOL_29bzEqVvDbwhUCLaHcP7c2y7MMrPLgfuysuvpeFA77jx6NszQYbKVCF9NHGJz3a4W9zuUWxsygNE3QhG5CkyxPdK,Raydium,SELL (Token Swap),SOL,15.000000000,USD,2118.68,141.25,SOL,,,
2021-09-05T03:27:53.000Z,64,SOL_29bzEqVvDbwhUCLaHcP7c2y7MMrPLgfuysuvpeFA77jx6NszQYbKVCF9NHGJz3a4W9zuUWxsygNE3QhG5CkyxPdK,Raydium,BUY (Token Swap),USDC,2118.680000000,USD,2118.68,1.00,SOL,,,
2021-09-05T03:39:32.000Z,65,SOL_45ns7dyX7DySfHajGb8x1Cuo44qzC5JmWBG5kqUxdmSvBCvGVR6VfQnhm8W2hh39LP5xyKbUvY4FJkzi8RA4n3iV,Raydium,SELL (Token Swap),USDC,1000.000000000,USD,1000.00,1.00,SOL,,,
2021-09-05T03:39:32.000Z,65,SOL_45ns7dyX7DySfHajGb8x1Cuo44qzC5JmWBG5kqUxdmSvBCvGVR6VfQnhm8W2hh39LP5xyKbUvY4FJkzi8RA4n3iV,Raydium,BUY (Token Swap),ATLAS,4424.279984110,USD,1000.00,0.23,SOL,,,
2021-09-05T03:40:59.000Z,66,SOL_4JNK1NtA9iTChq7uiEy4gNSApKx4BrjWPTpk3fjxEep33ar8AmRhza1iU2TssBjgWJ3rt1gxt1m8i1RFtvp4Bc6W,Raydium,SELL (Token Swap),USDC,1118.680000000,USD,1118.68,1.00,SOL,,,
2021-09-05T03:40:59.000Z,66,SOL_4JNK1NtA9iTChq7uiEy4gNSApKx4BrjWPTpk3fjxEep33ar8AmRhza1iU2TssBjgWJ3rt1gxt1m8i1RFtvp4Bc6W,Raydium,BUY (Token Swap),POLIS,75.936410430,USD,1118.68,14.73,SOL,,,
2021-09-06T16:51:04.524Z,46,7145410,CB Pro,BUY,SOL,90.000000000,USD,14130.00,157.00,USD,70.650,"14,200.65",
2021-09-11T17:05:39.000Z,3011,,Coinbase,TRANSFER - SEND,SOL,1.500005000,USD,279.29,186.19,,,,Sent 1.500005 SOL to 6kjdJfA43yxqrXMRD32bWaRjfzoCZnreQPk6zYeMVbK2
2021-09-11T17:07:07.000Z,3012,,Coinbase,TRANSFER - SEND,SOL,88.499995000,USD,16503.48,186.48,,,,Sent 88.499995 SOL to 6kjdJfA43yxqrXMRD32bWaRjfzoCZnreQPk6zYeMVbK2
2021-09-25T07:30:47.486Z,47,7118055,CB Pro,BUY,SKL,8000.000000000,USD,2480.00,0.31,USD,8.680,"2,488.68",
2021-09-25T07:30:47.561Z,47,7118056,CB Pro,BUY,SKL,7000.000000000,USD,2170.00,0.31,USD,7.595,"2,177.60",
2021-09-25T08:31:30.618Z,46,215037368,CB Pro,BUY,BTC,0.145513030,USD,6111.69,"42,001.00",USD,21.391,"6,133.08",
2021-09-27T01:04:14.000Z,67,2ddXjBoqPF7xPoniobL76XacJxWuKezZwgrixyJtCyxPHPQxr95WyMR9Yk4wypwHmJYG29nKSft7mmq3wGWWGt96,Mint,SELL (NFT Swap),SOL,0.200000000,USD,27.64,138.21,USD,0.000,27.64,
2021-09-27T01:04:14.000Z,67,2ddXjBoqPF7xPoniobL76XacJxWuKezZwgrixyJtCyxPHPQxr95WyMR9Yk4wypwHmJYG29nKSft7mmq3wGWWGt96,Mint,BUY (NFT Swap),NFT-STUD-640,1.000000000,USD,27.64,27.64,USD,0.000,27.64,
2021-09-27T01:05:27.000Z,68,3gmQMU8AFVGuZSYwV7uDh8JQAw4Jqg2PZSmNnc2g266HRx5ZroSiHLtjCtCCu2wu4UvzQdP3nBEKQ4YXS5ov43SN,Mint,SELL (NFT Swap),SOL,0.200000000,USD,27.64,138.21,USD,0.000,27.64,
2021-09-27T01:05:27.000Z,68,3gmQMU8AFVGuZSYwV7uDh8JQAw4Jqg2PZSmNnc2g266HRx5ZroSiHLtjCtCCu2wu4UvzQdP3nBEKQ4YXS5ov43SN,Mint,BUY (NFT Swap),NFT-STUD-651,1.000000000,USD,27.64,27.64,USD,0.000,27.64,
2021-09-27T01:07:14.000Z,69,4XRe3bxQgGr7Hs9M7wwCvqCuBPaXwR6UwyNE7cQP1K7vUw9ZkB9kZvSV9RxWQq6e2x3cQ5iQzPGUv1hQV1mo3ouS,Mint,SELL (NFT Swap),SOL,0.200000000,USD,27.64,138.21,USD,0.000,27.64,
2021-09-27T01:07:14.000Z,69,4XRe3bxQgGr7Hs9M7wwCvqCuBPaXwR6UwyNE7cQP1K7vUw9ZkB9kZvSV9RxWQq6e2x3cQ5iQzPGUv1hQV1mo3ouS,Mint,BUY (NFT Swap),NFT-STUD-668,1.000000000,USD,27.64,27.64,USD,0.000,27.64,
2021-09-27T01:08:23.000Z,70,2eyJcPsEB4m1PAxkgaYxf33BCS74KMnQDoDNx7FJYJjzkwCRuwEf4Az3RrPAVqb5gQvedSui33fgtBXzWiPAw17f,Mint,SELL (NFT Swap),SOL,0.200000000,USD,27.64,138.21,USD,0.000,27.64,
2021-09-27T01:08:23.000Z,70,2eyJcPsEB4m1PAxkgaYxf33BCS74KMnQDoDNx7FJYJjzkwCRuwEf4Az3RrPAVqb5gQvedSui33fgtBXzWiPAw17f,Mint,BUY (NFT Swap),NFT-STUD-683,1.000000000,USD,27.64,27.64,USD,0.000,27.64,
2021-09-27T01:10:20.000Z,71,4cgfFFraaV1nzomkPxfUZucDhkpCVGK3SuN3mMyaY429vUz3bAQySYNCG2R2cveyBHpjFb8s4eodiXqZqYsoVzWr,Mint,SELL (NFT Swap),SOL,0.200000000,USD,27.64,138.21,USD,0.000,27.64,
2021-09-27T01:10:20.000Z,71,4cgfFFraaV1nzomkPxfUZucDhkpCVGK3SuN3mMyaY429vUz3bAQySYNCG2R2cveyBHpjFb8s4eodiXqZqYsoVzWr,Mint,BUY (NFT Swap),NFT-STUD-719,1.000000000,USD,27.64,27.64,USD,0.000,27.64,
2021-09-27T01:24:34.000Z,72,4RdSD4UQxgRHn6fSeXgjfUUT3BjK42rrEagcBTVsu5U78LeH4AESqZkKC3HGsUNn3fWqENQKUkGkti5yyvarUBx9,Mint,SELL (NFT Swap),SOL,0.200000000,USD,27.64,138.21,USD,0.000,27.64,
2021-09-27T01:24:34.000Z,72,4RdSD4UQxgRHn6fSeXgjfUUT3BjK42rrEagcBTVsu5U78LeH4AESqZkKC3HGsUNn3fWqENQKUkGkti5yyvarUBx9,Mint,BUY (NFT Swap),NFT-STUD-884,1.000000000,USD,27.64,27.64,USD,0.000,27.64,
2021-09-27T01:27:20.000Z,73,cmkRGGGvxVmV53ur5LEwcQ3wxU4yqPDmnwJabtboFkrXH2KJoouiNnYAVVAzE677Ayh5Ds63YLNYDSNr6Jikj7Z,Mint,SELL (NFT Swap),SOL,0.200000000,USD,27.64,138.21,USD,0.000,27.64,
2021-09-27T01:27:20.000Z,73,cmkRGGGvxVmV53ur5LEwcQ3wxU4yqPDmnwJabtboFkrXH2KJoouiNnYAVVAzE677Ayh5Ds63YLNYDSNr6Jikj7Z,Mint,BUY (NFT Swap),NFT-STUD-904,1.000000000,USD,27.64,27.64,USD,0.000,27.64,
2021-09-27T01:30:15.000Z,74,TcEwyJBZsP8fqpGKfDkevbzhm7KZqoRoNgdXvvccbhjWEBw9YYEKknEtanAJZHZE4tn1cLquTkqX29c2GwYPtRJ,Mint,SELL (NFT Swap),SOL,0.200000000,USD,27.64,138.21,USD,0.000,27.64,
2021-09-27T01:30:15.000Z,74,TcEwyJBZsP8fqpGKfDkevbzhm7KZqoRoNgdXvvccbhjWEBw9YYEKknEtanAJZHZE4tn1cLquTkqX29c2GwYPtRJ,Mint,BUY (NFT Swap),NFT-STUD-934,1.000000000,USD,27.64,27.64,USD,0.000,27.64,
2021-09-27T01:31:21.000Z,75,5bMQ8QEYR4uzUvFHvDx6fLvvZjBUf8nGhcURfPgstccg5bsTVxFPLdsQwVjw5jTV7j8vjoFt5qbuQNZms4AMpJWQ,Mint,SELL (NFT Swap),SOL,0.200000000,USD,27.64,138.21,USD,0.000,27.64,
2021-09-27T01:31:21.000Z,75,5bMQ8QEYR4uzUvFHvDx6fLvvZjBUf8nGhcURfPgstccg5bsTVxFPLdsQwVjw5jTV7j8vjoFt5qbuQNZms4AMpJWQ,Mint,BUY (NFT Swap),NFT-STUD-943,1.000000000,USD,27.64,27.64,USD,0.000,27.64,
2021-09-27T01:33:50.000Z,76,4cUjRZ7T9R4TAytmdxmu1XiCz2yLeaKZxHDVe7SCjFXLhwLXceQ7fBNxAFe3wqY4DCy9G435PME6onFCRHioJp24,Mint,SELL (NFT Swap),SOL,0.200000000,USD,27.64,138.21,USD,0.000,27.64,
2021-09-27T01:33:50.000Z,76,4cUjRZ7T9R4TAytmdxmu1XiCz2yLeaKZxHDVe7SCjFXLhwLXceQ7fBNxAFe3wqY4DCy9G435PME6onFCRHioJp24,Mint,BUY (NFT Swap),NFT-STUD-976,1.000000000,USD,27.64,27.64,USD,0.000,27.64,
2021-09-27T01:45:13.000Z,77,4oHYsK6RFWpJD9gpRSiZ8NGeZVpa3JgG4T55JbN9usDRdm6c24ZrsgMMUMcptCkvao9E9AYNxuJy9wCwEH7XtoGN,Mint,SELL (NFT Swap),SOL,0.200000000,USD,27.64,138.21,USD,0.000,27.64,
2021-09-27T01:45:13.000Z,77,4oHYsK6RFWpJD9gpRSiZ8NGeZVpa3JgG4T55JbN9usDRdm6c24ZrsgMMUMcptCkvao9E9AYNxuJy9wCwEH7XtoGN,Mint,BUY (NFT Swap),NFT-STUD-1068,1.000000000,USD,27.64,27.64,USD,0.000,27.64,
2021-09-27T01:46:03.000Z,78,2idHaMqvPbtu6czVaUHXRYgXPPFFbZ1kghgAzUd9Jkgt3zZaBPNEtGFf4wJUXewD9xjc5qW82KRriSXWguZfwfV5,Mint,SELL (NFT Swap),SOL,0.200000000,USD,27.64,138.21,USD,0.000,27.64,
2021-09-27T01:46:03.000Z,78,2idHaMqvPbtu6czVaUHXRYgXPPFFbZ1kghgAzUd9Jkgt3zZaBPNEtGFf4wJUXewD9xjc5qW82KRriSXWguZfwfV5,Mint,BUY (NFT Swap),NFT-STUD-1076,1.000000000,USD,27.64,27.64,USD,0.000,27.64,
2021-09-27T01:51:35.000Z,79,W2mpjqU7LP65Hxm6zcfQtsG69hTfqV7mpq4LG3K9Wyvt13dqN6bYEJFdRDh2yyPpiGgnjhJo7LLAoDFB3NCqGYU,Mint,SELL (NFT Swap),SOL,0.200000000,USD,27.64,138.21,USD,0.000,27.64,
2021-09-27T01:51:35.000Z,79,W2mpjqU7LP65Hxm6zcfQtsG69hTfqV7mpq4LG3K9Wyvt13dqN6bYEJFdRDh2yyPpiGgnjhJo7LLAoDFB3NCqGYU,Mint,BUY (NFT Swap),NFT-STUD-1182,1.000000000,USD,27.64,27.64,USD,0.000,27.64,
2021-09-27T01:52:27.000Z,80,5Kz2pKBHrJ7yMB8VAmAC5cG13Q1wTnrvK2LXh6GKnMLtdJoE6uNVbqZunx8ws2TeAfovZCyDY7M2rwmyQvVJJXuE,Mint,SELL (NFT Swap),SOL,0.200000000,USD,27.64,138.21,USD,0.000,27.64,
2021-09-27T01:52:27.000Z,80,5Kz2pKBHrJ7yMB8VAmAC5cG13Q1wTnrvK2LXh6GKnMLtdJoE6uNVbqZunx8ws2TeAfovZCyDY7M2rwmyQvVJJXuE,Mint,BUY (NFT Swap),NFT-STUD-1204,1.000000000,USD,27.64,27.64,USD,0.000,27.64,
2021-09-27T02:28:28.000Z,81,5xHF1BfYkF1KiBZ5wmUTQ418goKqrRYpQuPJxcyPzdMj5P9cRYTrkPeq5fo8DBnttaqTqdvN6NAuA8KAMA4xdEqi,Mint,SELL (NFT Swap),SOL,0.200000000,USD,27.64,138.21,USD,0.000,27.64,
2021-09-27T02:28:28.000Z,81,5xHF1BfYkF1KiBZ5wmUTQ418goKqrRYpQuPJxcyPzdMj5P9cRYTrkPeq5fo8DBnttaqTqdvN6NAuA8KAMA4xdEqi,Mint,BUY (NFT Swap),NFT-STUD-5543,1.000000000,USD,27.64,27.64,USD,0.000,27.64,
2021-09-27T02:29:37.000Z,82,ncGcu54AWQEbrtyrprVsjebVLQ9HZky1zPQQCtcrK5epoSEJWR6dNf7vzSDbSsFBVZ7vMjyyYDFxxRJQcNGDR7N,Mint,SELL (NFT Swap),SOL,0.200000000,USD,27.64,138.21,USD,0.000,27.64,
2021-09-27T02:29:37.000Z,82,ncGcu54AWQEbrtyrprVsjebVLQ9HZky1zPQQCtcrK5epoSEJWR6dNf7vzSDbSsFBVZ7vMjyyYDFxxRJQcNGDR7N,Mint,BUY (NFT Swap),NFT-STUD-5851,1.000000000,USD,27.64,27.64,USD,0.000,27.64,
2021-09-27T02:32:58.000Z,83,3FKSDm87pKGaky34XCrnJu3xEmq8j3Zz9jW6GjVjupVXJZ4Mf4k32kAtRLqTdVuYowRapvpPc6j6eUAnDxQQM6xv,Mint,SELL (NFT Swap),SOL,0.200000000,USD,27.64,138.21,USD,0.000,27.64,
2021-09-27T02:32:58.000Z,83,3FKSDm87pKGaky34XCrnJu3xEmq8j3Zz9jW6GjVjupVXJZ4Mf4k32kAtRLqTdVuYowRapvpPc6j6eUAnDxQQM6xv,Mint,BUY (NFT Swap),NFT-STUD-6634,1.000000000,USD,27.64,27.64,USD,0.000,27.64,
2021-09-27T02:36:10.000Z,84,2H82G96j3sW82jbzvopeeXhmosJoM8GRFDNeSamDdnq7Qz3UT5c6VMNrxEJE6D2eQyYKY5L94gpTFckNbshRNRsH,Mint,SELL (NFT Swap),SOL,0.200000000,USD,27.64,138.21,USD,0.000,27.64,
2021-09-27T02:36:10.000Z,84,2H82G96j3sW82jbzvopeeXhmosJoM8GRFDNeSamDdnq7Qz3UT5c6VMNrxEJE6D2eQyYKY5L94gpTFckNbshRNRsH,Mint,BUY (NFT Swap),NFT-STUD-7623,1.000000000,USD,27.64,27.64,USD,0.000,27.64,
2021-09-27T02:36:52.000Z,85,53mQN61usMYiTqpF52NGBP6uV5xMQqWz8q2yELzVyZZhKonwbyYe2GRm9W6ysGGhpGzEqQBrDYxjWAKKShkbDhcY,Mint,SELL (NFT Swap),SOL,0.200000000,USD,27.64,138.21,USD,0.000,27.64,
2021-09-27T02:36:52.000Z,85,53mQN61usMYiTqpF52NGBP6uV5xMQqWz8q2yELzVyZZhKonwbyYe2GRm9W6ysGGhpGzEqQBrDYxjWAKKShkbDhcY,Mint,BUY (NFT Swap),NFT-STUD-7859,1.000000000,USD,27.64,27.64,USD,0.000,27.64,
2021-09-27T02:37:47.000Z,86,3cwmcNxkrey36mosioxx7SmaBH5WV3xgsJVBLerYxtrq32hXn1VJ1hPmr1mx3FbSfeDVehMjV6HKJnoxKA3yF7Nx,Mint,SELL (NFT Swap),SOL,0.200000000,USD,27.64,138.21,USD,0.000,27.64,
2021-09-27T02:37:47.000Z,86,3cwmcNxkrey36mosioxx7SmaBH5WV3xgsJVBLerYxtrq32hXn1VJ1hPmr1mx3FbSfeDVehMjV6HKJnoxKA3yF7Nx,Mint,BUY (NFT Swap),NFT-STUD-8121,1.000000000,USD,27.64,27.64,USD,0.000,27.64,
2021-09-27T20:04:57.973Z,47,14897610,CB Pro,BUY,SOL,4.894000000,USD,692.00,141.40,USD,2.422,694.42,
2021-09-27T20:04:57.973Z,47,14897611,CB Pro,BUY,SOL,0.171000000,USD,24.18,141.40,USD,0.085,24.26,
2021-09-27T20:04:57.973Z,47,14897612,CB Pro,BUY,SOL,16.000000000,USD,2262.91,141.43,USD,7.920,"2,270.83",
2021-09-27T20:04:57.973Z,47,14897613,CB Pro,BUY,SOL,0.011000000,USD,1.56,141.43,USD,0.005,1.56,
2021-09-27T20:04:57.973Z,47,14897614,CB Pro,BUY,SOL,20.589000000,USD,2912.19,141.44,USD,10.193,"2,922.38",
2021-09-27T20:04:57.973Z,47,14897615,CB Pro,BUY,SOL,3.863000000,USD,546.49,141.47,USD,1.913,548.40,
2021-09-27T20:04:57.973Z,47,14897616,CB Pro,BUY,SOL,24.923000000,USD,3525.78,141.47,USD,12.340,"3,538.12",
2021-09-27T20:06:05.000Z,3013,,Coinbase,TRANSFER - SEND,SOL,12.143286390,USD,1715.36,141.26,,,,Sent 12.14328639 SOL to 6kjdJfA43yxqrXMRD32bWaRjfzoCZnreQPk6zYeMVbK2
2021-09-27T20:11:24.000Z,87,SOL_QMrpg5syL6LCXBSaf2BU5KvB2AuSXq5UetJQD4nmvaYtbm6trSszmgkWf66EoAmH3KUmvB5uR9qKZQMexLJNzCM,SMB-Marketplace,SELL (NFT Swap),SOL,250.000000000,USD,34553.66,138.21,SOL,,"34,553.66",1of2 Buy SMB 4763
2021-09-27T20:11:24.000Z,87,SOL_QMrpg5syL6LCXBSaf2BU5KvB2AuSXq5UetJQD4nmvaYtbm6trSszmgkWf66EoAmH3KUmvB5uR9qKZQMexLJNzCM,SMB-Marketplace,BUY (NFT Swap),NFT-SMB-4763,1.000000000,USD,34553.66,"34,553.66",SOL,,"34,553.66",2of2 Buy SMB 4763
2021-09-27T21:50:34.000Z,88,SOL_4d4wCW8xZtZDr8mTSRb9c31GwtScPztmrDmkQud2jLTLjandafLxuzoS83gobMounBCpmF2pNpj4VoY2YzNc7ZLv,Mint,SELL (NFT Swap),SOL,1.511981200,USD,208.98,138.21,SOL,0.000,208.98,1of2 Mint BabySolPunk 607
2021-09-27T21:50:34.000Z,88,SOL_4d4wCW8xZtZDr8mTSRb9c31GwtScPztmrDmkQud2jLTLjandafLxuzoS83gobMounBCpmF2pNpj4VoY2YzNc7ZLv,Mint,BUY (NFT Swap),NFT-BSP-607,1.000000000,USD,208.98,208.98,SOL,0.000,208.98,2of2 Mint BabySolPunk 607
2021-09-27T21:51:07.000Z,89,SOL_4ntFaZt3odV6wNfvj9yBY6SNaCToK2e7JCzdk2fyLnNDRKkftugmmPQMxrfJnTTWuwGcT2YW7VSqLqsZtqjEogyN,Mint,SELL (NFT Swap),SOL,1.511981200,USD,208.98,138.21,SOL,0.000,208.98,1of2 Mint BabySolPunk 608
2021-09-27T21:51:07.000Z,89,SOL_4ntFaZt3odV6wNfvj9yBY6SNaCToK2e7JCzdk2fyLnNDRKkftugmmPQMxrfJnTTWuwGcT2YW7VSqLqsZtqjEogyN,Mint,BUY (NFT Swap),NFT-BSP-608,1.000000000,USD,208.98,208.98,SOL,0.000,208.98,2of2 Mint BabySolPunk 608
2021-09-30T11:31:19.000Z,3014,,Coinbase,TRANSFER - SEND,SOL,58.307713610,USD,7964.25,136.59,,,,Sent 58.30771361 SOL to urCzDnk2tpHYfXDHBtGCgSeW9PwEBiiftVxobobhy67
2021-09-30T11:34:36.000Z,90,SOL_ZdsVAqAW9jMFaYjYcqg5dQdquLhn1qHWRah1mHswqwdnb8u9xLZKXCDWRSiMnMtgvTnGw811HerqoP9N3S88fLz,DigitalEyes,SELL (NFT Swap),SOL,60.000000000,USD,8268.74,137.81,SOL,0.000,"8,268.74",1of2 Buy SOLSTEAD
2021-09-30T11:34:36.000Z,90,SOL_ZdsVAqAW9jMFaYjYcqg5dQdquLhn1qHWRah1mHswqwdnb8u9xLZKXCDWRSiMnMtgvTnGw811HerqoP9N3S88fLz,DigitalEyes,BUY (NFT Swap),NFT-SOLSTEAD-27_Ape_Lane,1.000000000,USD,8268.74,"8,268.74",SOL,0.000,"8,268.74",2of2 Buy SOLSTEAD
2021-09-30T19:48:15.000Z,91,SOL_5TPJ2rEPsQYxfvyb7HFiqyRua8UL4Z4RiQ7ka7B7CoyGf63xzZ14yd9br11X2ZrXrbSb4Xw6Etgv9gXhTvzKxo9f,Mint,SELL (NFT Swap),SOL,0.211981200,USD,29.21,137.81,SOL,0.000,29.21,1of2 Mint Shapes 947
2021-09-30T19:48:15.000Z,91,SOL_5TPJ2rEPsQYxfvyb7HFiqyRua8UL4Z4RiQ7ka7B7CoyGf63xzZ14yd9br11X2ZrXrbSb4Xw6Etgv9gXhTvzKxo9f,Mint,BUY (NFT Swap),NFT-SHAPES-947,1.000000000,USD,29.21,29.21,SOL,0.000,29.21,2of2 Mint Shapes 947
2021-09-30T19:48:44.000Z,92,SOL_28k42MgnCEkj1NNR1E1zYU2TyH67p9xhSYDnemFQSEi9CqHLwJ9GV3pDXoDWkRJ9bMQoXjjqUTk8TmrkeuCjCgDN,Mint,SELL (NFT Swap),SOL,0.211981200,USD,29.21,137.81,SOL,0.000,29.21,1of2 Mint Shapes 951
2021-09-30T19:48:44.000Z,92,SOL_28k42MgnCEkj1NNR1E1zYU2TyH67p9xhSYDnemFQSEi9CqHLwJ9GV3pDXoDWkRJ9bMQoXjjqUTk8TmrkeuCjCgDN,Mint,BUY (NFT Swap),NFT-SHAPES-951,1.000000000,USD,29.21,29.21,SOL,0.000,29.21,2of2 Mint Shapes 951
2021-09-30T19:49:14.000Z,93,SOL_raDb7kxHTC71vbunS36Bum86JCmebmkPrKxbMjmVgi4mfiRTmayH5o5cCCxR3m8L4ySiGagwqnj9hi6aVxCBT6X,Mint,SELL (NFT Swap),SOL,0.211981200,USD,29.21,137.81,SOL,0.000,29.21,1of2 Mint Shapes 956
2021-09-30T19:49:14.000Z,93,SOL_raDb7kxHTC71vbunS36Bum86JCmebmkPrKxbMjmVgi4mfiRTmayH5o5cCCxR3m8L4ySiGagwqnj9hi6aVxCBT6X,Mint,BUY (NFT Swap),NFT-SHAPES-956,1.000000000,USD,29.21,29.21,SOL,0.000,29.21,2of2 Mint Shapes 956
2021-09-30T19:49:46.000Z,94,SOL_5RNNiBiGPvaVYWPubdxnkZPekZ5tK4z3gCHNrKw8zh5LDBjDJci9rvxWi19y4owqA1uVLRA1dUr1Y22v5J33fg9j,Mint,SELL (NFT Swap),SOL,0.211981200,USD,29.21,137.81,SOL,0.000,29.21,1of2 Mint Shapes 964
2021-09-30T19:49:46.000Z,94,SOL_5RNNiBiGPvaVYWPubdxnkZPekZ5tK4z3gCHNrKw8zh5LDBjDJci9rvxWi19y4owqA1uVLRA1dUr1Y22v5J33fg9j,Mint,BUY (NFT Swap),NFT-SHAPES-964,1.000000000,USD,29.21,29.21,SOL,0.000,29.21,2of2 Mint Shapes 964
2021-09-30T19:51:30.000Z,95,SOL_acE9QjDYoTGHD4m7yBidZzgkWjXMzWFBuHEfApzGDjyqBdHGRfzrUAB19eeiuXcPEnspfuNN1bu9UdRMXEDFkic,Mint,SELL (NFT Swap),SOL,0.211981200,USD,29.21,137.81,SOL,0.000,29.21,1of2 Mint Shapes 990
2021-09-30T19:51:30.000Z,95,SOL_acE9QjDYoTGHD4m7yBidZzgkWjXMzWFBuHEfApzGDjyqBdHGRfzrUAB19eeiuXcPEnspfuNN1bu9UdRMXEDFkic,Mint,BUY (NFT Swap),NFT-SHAPES-990,1.000000000,USD,29.21,29.21,SOL,0.000,29.21,2of2 Mint Shapes 990
2021-09-30T20:35:01.099Z,48,15388494,CB Pro,BUY,SOL,23.200000000,USD,3234.17,139.40,USD,11.320,"3,245.49",
2021-09-30T20:35:01.099Z,48,15388495,CB Pro,BUY,SOL,2.932000000,USD,408.73,139.40,USD,1.431,410.16,
2021-09-30T20:35:01.099Z,48,15388496,CB Pro,BUY,SOL,0.011000000,USD,1.53,139.41,USD,0.005,1.54,
2021-09-30T20:35:01.099Z,48,15388497,CB Pro,BUY,SOL,11.000000000,USD,1533.50,139.41,USD,5.367,"1,538.87",
2021-09-30T20:35:01.099Z,48,15388498,CB Pro,BUY,SOL,23.200000000,USD,3234.43,139.42,USD,11.320,"3,245.75",
2021-09-30T20:35:01.099Z,48,15388499,CB Pro,BUY,SOL,3.900000000,USD,543.75,139.42,USD,1.903,545.65,
2021-09-30T20:35:01.099Z,48,15388500,CB Pro,BUY,SOL,7.236000000,USD,1009.02,139.45,USD,3.532,"1,012.56",
2021-09-30T20:41:16.000Z,3015,,Coinbase,TRANSFER - SEND,SOL,13.489104040,USD,1873.91,138.92,,,,Sent 13.48910404 SOL to 6kjdJfA43yxqrXMRD32bWaRjfzoCZnreQPk6zYeMVbK2
2021-09-30T21:17:41.000Z,96,4WmGuofEk72HUSD3QywKZW2qAVJNFTXFe3Z1rV3QDDz4U1Gvxb5pUqBHjtDRPNC6uFtUmwSFEMvCqTmwV5btdx6R,DigitalEyes,SELL (NFT Swap),SOL,4.000000000,USD,551.25,137.81,SOL,,,1of2 Buy SOULS 8196
2021-09-30T21:17:41.000Z,96,4WmGuofEk72HUSD3QywKZW2qAVJNFTXFe3Z1rV3QDDz4U1Gvxb5pUqBHjtDRPNC6uFtUmwSFEMvCqTmwV5btdx6R,DigitalEyes,BUY (NFT Swap),NFT-SOL-SOULS-8196,1.000000000,USD,551.25,551.25,SOL,,,2of2 Buy SOULS 8196
2021-09-30T21:19:35.000Z,97,29rLwwVk1fwmxafwTJwcgZFkwXaXBLbhGC2BeL4xthZPsy9VmXcKQjJefeAumZ2AfLnee7FBjptPPQ3Mj91LAq8W,DigitalEyes,SELL (NFT Swap),SOL,2.000000000,USD,275.62,137.81,SOL,,,1of2 Buy SOULS 2274
2021-09-30T21:19:35.000Z,97,29rLwwVk1fwmxafwTJwcgZFkwXaXBLbhGC2BeL4xthZPsy9VmXcKQjJefeAumZ2AfLnee7FBjptPPQ3Mj91LAq8W,DigitalEyes,BUY (NFT Swap),NFT-SOL-SOULS-2274,1.000000000,USD,275.62,275.62,SOL,,,2of2 Buy SOULS 2274
2021-09-30T21:40:41.000Z,98,323efw5ijwnKZtS6GQF482bEjMWVoZ12zc743LoSR6nir4dcFpA2B6kGNo9SDRzAos8ycz8iNbNt4pVRDzRFSt98,DigitalEyes,SELL (NFT Swap),SOL,2.500000000,USD,344.53,137.81,SOL,,,1of2 Buy GMOOT 889
2021-09-30T21:40:41.000Z,98,323efw5ijwnKZtS6GQF482bEjMWVoZ12zc743LoSR6nir4dcFpA2B6kGNo9SDRzAos8ycz8iNbNt4pVRDzRFSt98,DigitalEyes,BUY (NFT Swap),NFT-GMOOT-899,1.000000000,USD,344.53,344.53,SOL,,,2of2 Buy GMOOT 889
2021-09-30T21:42:44.000Z,99,dRnkGRGvoAnpp6TFTjvWyQek59LM5p5MbfCFFm9ZqMJ9NdLQ77dN1WEgo6PTrncwz3iivuFELB4CkvEibCiLLXf,DigitalEyes,SELL (NFT Swap),SOL,2.972044280,USD,409.58,137.81,SOL,,,1of2 Buy GMOOT 4203
2021-09-30T21:42:44.000Z,99,dRnkGRGvoAnpp6TFTjvWyQek59LM5p5MbfCFFm9ZqMJ9NdLQ77dN1WEgo6PTrncwz3iivuFELB4CkvEibCiLLXf,DigitalEyes,BUY (NFT Swap),NFT-GMOOT-4203,1.000000000,USD,409.58,409.58,SOL,,,2of2 Buy GMOOT 4203
2021-10-02T21:36:15.000Z,100,41zqfxKjKU9teUjSrJh3W2tXbHH9ZYUV3HA6Wjtx4Qq3r8DMPRURXba5EqWCQrd2LBNjE3199vKwB9rcbCQsL3Lw,N/A,AIRDROP,NFT-BSP-1288,1.000000000,USD,0.00,0.00,SOL,,,Receive BabySolPunk 1288
2021-10-02T21:37:45.000Z,1019,4DUQGsgfjJqsEug4NSHJwhSn1iFLajeYXqTR3Kyw5AjaDpXNQCVabNSkpPsLq3jDmcuoV9kNTdqDAfTDbfHTyPK4,N/A,AIRDROP,NFT-BSP-1287,1.000000000,USD,0.00,0.00,SOL,,,Receive BabySolPunk 1287
2021-10-04T14:35:30.000Z,101,8fDhmgbYmBKr8mukfwtjf8jiYLzc68UMSyP6yBns3Mcs8ENMrkVRF1kWHavL6hiGz5T31WEWL6n2bpW4JgKyc1Y,DigitalEyes,SELL (NFT Swap),SOL,4.100000000,USD,695.68,169.68,SOL,,,
2021-10-04T14:35:30.000Z,101,8fDhmgbYmBKr8mukfwtjf8jiYLzc68UMSyP6yBns3Mcs8ENMrkVRF1kWHavL6hiGz5T31WEWL6n2bpW4JgKyc1Y,DigitalEyes,BUY (NFT Swap),NFT-CASSETS-326,1.000000000,USD,695.68,695.68,SOL,,,
2021-10-04T14:37:36.000Z,102,5JwwLTLLb42ShKLHBDS3nQHadDNtHMxTyKharUAW1RJrMNfsfqb4iavv9NdRrr8TzN39KtqbqqEv45HYJJL3nmzi,DigitalEyes,SELL (NFT Swap),SOL,2.000000000,USD,339.36,169.68,SOL,,,
2021-10-04T14:37:36.000Z,102,5JwwLTLLb42ShKLHBDS3nQHadDNtHMxTyKharUAW1RJrMNfsfqb4iavv9NdRrr8TzN39KtqbqqEv45HYJJL3nmzi,DigitalEyes,BUY (NFT Swap),NFT-CASSETS-18,1.000000000,USD,339.36,339.36,SOL,,,
2021-10-04T14:39:57.000Z,103,ojKuzbVf9pyxbXUYrGnZJH4dYWfhsxTaYqZ88z1CVuKRi4zCEQVfRvrbWLMESKvmUbzFKA8JjSAjHAXpPF93ZXd,DigitalEyes,SELL (NFT Swap),SOL,2.202044280,USD,373.64,169.68,SOL,,,
2021-10-04T14:39:57.000Z,103,ojKuzbVf9pyxbXUYrGnZJH4dYWfhsxTaYqZ88z1CVuKRi4zCEQVfRvrbWLMESKvmUbzFKA8JjSAjHAXpPF93ZXd,DigitalEyes,BUY (NFT Swap),NFT-CASSETS-118,1.000000000,USD,373.64,373.64,SOL,,,
2021-10-04T22:49:18.000Z,104,31rhMYC3GwjKMmRpTn2qxruSu4iuTpoHHUmS7GgajWqpqCto5CpmkLg7HugQSK9hAwSqNaue52Wnarxt4LYvoMzp,MINT,SELL (NFT Swap),SOL,0.511981200,USD,86.87,169.68,SOL,,,
2021-10-04T22:49:18.000Z,104,31rhMYC3GwjKMmRpTn2qxruSu4iuTpoHHUmS7GgajWqpqCto5CpmkLg7HugQSK9hAwSqNaue52Wnarxt4LYvoMzp,MINT,BUY (NFT Swap),NFT-METRO-582,1.000000000,USD,86.87,86.87,SOL,,,
2021-10-04T22:58:14.000Z,105,5QoP4r4Sqcm1b3odeJgB6vJLTNtgnXr2qb8f99a9cbWQdCpMWzAtEbGoahFmGtayQ1HBwPGzdrewvpKW58mVt1K4,MINT,SELL (NFT Swap),SOL,0.511981200,USD,86.87,169.68,SOL,,,
2021-10-04T22:58:14.000Z,105,5QoP4r4Sqcm1b3odeJgB6vJLTNtgnXr2qb8f99a9cbWQdCpMWzAtEbGoahFmGtayQ1HBwPGzdrewvpKW58mVt1K4,MINT,BUY (NFT Swap),NFT-METRO-593,1.000000000,USD,86.87,86.87,SOL,,,
2021-10-05T20:00:18.000Z,106,2a3aFHwgdoLJivwnNKUnaMrNc13TtDh1ausaPpWixuHmRh5JNAmmNBtvVozWgHurcv9KJGApbbuo4373EZUcyL5a,MINT,SELL (NFT Swap),SOL,1.000000000,USD,165.74,165.74,SOL,,,
2021-10-05T20:00:18.000Z,106,2a3aFHwgdoLJivwnNKUnaMrNc13TtDh1ausaPpWixuHmRh5JNAmmNBtvVozWgHurcv9KJGApbbuo4373EZUcyL5a,MINT,BUY (NFT Swap),NFT-SolTower-257,1.000000000,USD,165.74,165.74,SOL,,,
2021-10-05T20:00:43.000Z,107,4BvKcE8QLpyk9b5uw4LMkonzyFfv6fLDpm7LXrVniycVEDwKxeQHCfM9vGDdc6y7ENszwHPmrrLXJYDuZfBXqF52,MINT,SELL (NFT Swap),SOL,1.000000000,USD,165.74,165.74,SOL,,,
2021-10-05T20:00:43.000Z,107,4BvKcE8QLpyk9b5uw4LMkonzyFfv6fLDpm7LXrVniycVEDwKxeQHCfM9vGDdc6y7ENszwHPmrrLXJYDuZfBXqF52,MINT,BUY (NFT Swap),NFT-SolTower-783,1.000000000,USD,165.74,165.74,SOL,,,
2021-10-05T20:01:42.000Z,108,5rpGz2szG25551sAUNauK11H4WPbVYDpvtomE13gULVsaa3f6v3i4iyFEwXHcKngJq3PeVrgQie5SaffKPQY7Bq8,MINT,SELL (NFT Swap),SOL,1.000000000,USD,165.74,165.74,SOL,,,
2021-10-05T20:01:42.000Z,108,5rpGz2szG25551sAUNauK11H4WPbVYDpvtomE13gULVsaa3f6v3i4iyFEwXHcKngJq3PeVrgQie5SaffKPQY7Bq8,MINT,BUY (NFT Swap),NFT-SolTower-1206,1.000000000,USD,165.74,165.74,SOL,,,
2021-10-10T03:12:04.000Z,109,64tjmtuzUpzLytqny43ProVtz18H8tJXLB9JKH3aDZnpLCfWbFFGoMGzkEugwBfQaAz6YEYi1sVF6mCL2YJ8Sq1D,MINT,SELL (NFT Swap),SOL,1.011981200,USD,155.20,153.36,SOL,,,
2021-10-10T03:12:04.000Z,109,64tjmtuzUpzLytqny43ProVtz18H8tJXLB9JKH3aDZnpLCfWbFFGoMGzkEugwBfQaAz6YEYi1sVF6mCL2YJ8Sq1D,MINT,BUY (NFT Swap),NFT-PIXELS-3439,1.000000000,USD,155.20,155.20,SOL,,,
2021-10-10T03:53:36.000Z,126,BNB_0xd1d3c47f2fb492e9facb8d8129e2ac64c12b80347c7b5352da47aa3c6fe987f5,Pancake,SELL (Token Swap),ADA,11156.47694697,USD,25097.76,2.25,BNB,,,1of2 Swap ADA for BNB
2021-10-10T03:53:36.000Z,126,BNB_0xd1d3c47f2fb492e9facb8d8129e2ac64c12b80347c7b5352da47aa3c6fe987f5,Pancake,BUY (Token Swap),BNB,60.228396797,USD,25097.76,416.71,BNB,,,1of2 Swap ADA for BNB
2021-10-10T03:55:36.000Z,127,BNB_0x929b1e522675eb4724e105d142121cca8541587a7d2261c301f4aea57df143b4,Pancake,SELL (Token Swap),BNB,61.217561517,USD,25509.95,416.71,BNB,,,1of2 Swap BNB for ETH
2021-10-10T03:55:36.000Z,127,BNB_0x929b1e522675eb4724e105d142121cca8541587a7d2261c301f4aea57df143b4,Pancake,BUY (Token Swap),ETH,7.176630788,USD,25509.95,"3,554.59",BNB,,,2of2 Swap BNB for ETH
2021-10-10T03:58:51.000Z,1003,BNB_0x21b27b52b937da6f8175e015360b4fda6df304fca7d66932da116f9bb1fd99cc,BNB_BRIDGE-SEND,IGNORE-Transfer,ETH,7.000000000,USD,24798.82,"3,542.69",BNB,,,Bridge ETH to Ethereum (send)
2021-10-10T04:01:00.000Z,1004,ETH_0xbc555e5ea7021ce2f204ebd58d7a7968a439b58fc42421f409f89197d0ac7edd,BNB_BRIDGE-RECEIVE,IGNORE-Transfer,ETH,6.996500000,USD,24786.42,"3,542.69",ETH,,,Bridge ETH to Ethereum (receive)
2021-10-10T20:53:14.000Z,59,ETH_0x6d8595c5b894ce98f206bee524f3e069e77cec3b299d3076fd0b2971fb22b24b,OpenSea,SELL (NFT Swap),ETH,3.000000000,USD,10542.27,"3,514.09",USD,0.000,"10,542.27",1of2 Swap ETH for NFT-CW-4798
2021-10-10T20:53:14.000Z,59,ETH_0x6d8595c5b894ce98f206bee524f3e069e77cec3b299d3076fd0b2971fb22b24b,OpenSea,BUY (NFT Swap),NFT-CREATURE-4798,1.000000000,USD,10542.27,"10,542.27",USD,0.000,"10,542.27",2of2-Swap ETH for NFT-CW-4798
2021-10-12T03:07:30.243Z,49,17254689,CB Pro,BUY,SOL,69.532000000,USD,9873.54,142.00,USD,34.557,"9,908.10",
2021-10-12T03:07:30.443Z,49,17254692,CB Pro,BUY,SOL,20.468000000,USD,2906.46,142.00,USD,10.173,"2,916.63",
2021-10-16T22:27:19.000Z,110,2pDMM3aG6TfdmMZxF4X37nmt1V43R28NfjcgeZj7SidvRbaA69hVedLPF6mbfwBRMJunAipRP84kb46j9HKHGAvj,N/A,AIRDROP,NFT-CASSETS_AUDIO-353,1.000000000,USD,0.00,0.00,,,,
2021-10-16T22:27:19.000Z,111,3bnJHYXi41wCEDPNFeopkw96Trspbj7yWH49kQar2ecd67KMkLn3bvgfyNb4QWPqbmDXPHqvFFk1r6ooXgmcrh6q,N/A,AIRDROP,NFT-CASSETS_AUDIO-140,1.000000000,USD,0.00,0.00,,,,
2021-10-16T22:27:19.000Z,112,3GJGtT19UfFkeoNMk5dywDTknHJgAUJGApvrU7MuEJgHZsoZva3t52x7SXVhdQj3YFqjqXBCBo5VYjW7tHW3aWA3,N/A,AIRDROP,NFT-CASSETS_AUDIO-695,1.000000000,USD,0.00,0.00,,,,
2021-10-18T19:55:10.000Z,60,ETH_0xc2d760260e55fa1205c721800159e048f48c9299c3987adf2e7b2717ef69c3c4,OpenSea,SELL (NFT Swap),ETH,0.764400000,USD,2861.30,"3,743.20",USD,0.000,"2,861.30",1of2-Swap ETH for NFT-P-6054
2021-10-18T19:55:10.000Z,60,ETH_0xc2d760260e55fa1205c721800159e048f48c9299c3987adf2e7b2717ef69c3c4,OpenSea,BUY (NFT Swap),NFT-PARTY_DEGENS-6054,1.000000000,USD,2861.30,"2,861.30",USD,0.000,"2,861.30",2of2-Swap ETH for NFT-P-6054
2021-10-20T02:41:04.000Z,1004,ETH_0x31aae7ceb6bcbf39c784eb518e30abf160d3c602678fcf8fd5d774a85dfa0e4e,POLY_BRIDGE-SEND (send),IGNORE-Transfer,ETH,0.074990000,USD,289.49,"3,860.41",,,,1of2 Bridge ETH to Polygon (send)
2021-10-20T02:51:49.000Z,1005,POL_0x673f98028e72dcdcaef66ea2b2c3adeda9f34d8c1cb217c99219eaa3bc0869af,POLY_BRIDGE-SEND (receive),IGNORE-Transfer,ETH,0.074990000,USD,289.49,"3,860.41",,,,2of2 Bridge ETH to Polygon (receive)
2021-10-20T13:31:46.000Z,63,POL_0x79fd8f7d87bf387f4e62f050e40c1adf3886244f3a8f102f1d0c6ed6aec061ce,OpenSea,SELL (NFT Swap),ETH,0.074990000,USD,298.74,"3,983.74",USD,0.000,298.74,1of2-Swap ETH for NFT-CW-Playground
2021-10-20T13:31:46.000Z,63,POL_0x79fd8f7d87bf387f4e62f050e40c1adf3886244f3a8f102f1d0c6ed6aec061ce,OpenSea,BUY (NFT Swap),NFT-CREATURE-Playground,1.000000000,USD,298.74,298.74,USD,0.000,298.74,2of2-Swap ETH for NFT-CW-Playground
2021-10-20T23:18:33.000Z,1006,ETH_0xb34d4903fc13aa572110905b312c301ef20e5b24df365fb65ff39c0ebd3ae3fd,CB_Commerce,SELL (Purchase Merch),ETH,0.014512000,USD,60.31,"4,156.11",,,,
2021-10-24T17:18:23.000Z,114,5ip4F1cUA3X6uPvZF5LDA2bkThSg1mzN7hdEWJYJv5j6jkBrtbQJpa22jv3AsksQS8tVQEsB5KVamGsrZEdtZaBi,MINT,SELL (NFT Swap),SOL,2.101000000,USD,415.41,197.72,,,,
2021-10-24T17:18:23.000Z,114,3h8Ryk7KvCab5BS3KSaKGQVekpbu3S7w2bFdkFR4Jd8RS3nn7BANYLmzPoGWzy8L9JkCwurn1eJ5RtK19oP3MDgA,MINT,BUY (NFT Swap),NFT-TWR-188-17,1.000000000,USD,415.41,415.41,,,,
2021-10-24T17:49:40.000Z,55,4e09e6c2-2351-42d7-b12a-51f75e5cdd66,Paxos,SELL,PAXG,7.920000000,USD,14022.53,"1,770.52",USD,0.000,"14,022.53",
2021-10-24T20:00:03.000Z,115,4B1J3Q4cBYSkZwThgxeHHP7nirgcHbiYrjnSvi6qCzxjGNaFK2f99yBU8rt9g8Sa2dgUpNKyoJ5LUQa5weuYnAmF,SOLANA_ART,SELL (NFT Swap),NFT-TWR-188-17,1.000000000,USD,1128.47,"1,128.47",,,,
2021-10-24T20:00:03.000Z,115,4B1J3Q4cBYSkZwThgxeHHP7nirgcHbiYrjnSvi6qCzxjGNaFK2f99yBU8rt9g8Sa2dgUpNKyoJ5LUQa5weuYnAmF,SOLANA_ART,BUY (NFT Swap),SOL,5.707438240,USD,1128.47,197.72,,,,
2021-10-24T20:22:25.000Z,113,52e56cEZ2fDU922HveJtQ5ozCNSUcuhBDYrpQHgtLYQgTCepMqoBCwLBPwTAijRqHEHjjfLn6FFrEykhwm3muUEn,N/A,AIRDROP,NFT-MONKETTE-1217,1.000000000,USD,0.00,0.00,,,,
2021-10-24T21:10:48.784Z,50,19644333,CB Pro,BUY,SOL,16.132000000,USD,3148.64,195.18,USD,11.020,"3,159.66",
2021-10-24T21:10:48.784Z,50,19644334,CB Pro,BUY,SOL,5.836000000,USD,1139.14,195.19,USD,3.987,"1,143.13",
2021-10-24T21:10:48.784Z,50,19644335,CB Pro,BUY,SOL,5.255000000,USD,1025.90,195.22,USD,3.591,"1,029.49",
2021-10-24T21:11:58.000Z,3016,,Coinbase,TRANSFER - SEND,SOL,27.223000000,USD,5319.65,195.41,,,,Sent 27.2230 SOL to 6kjdJfA43yxqrXMRD32bWaRjfzoCZnreQPk6zYeMVbK2
2021-10-25T18:38:28.018Z,51,19884504,CB Pro,BUY,SOL,23.614000000,USD,4982.55,211.00,USD,17.439,"4,999.99",
2021-10-25T18:43:49.000Z,3017,,Coinbase,TRANSFER - SEND,SOL,23.614000000,USD,4999.08,211.70,,,,Sent 23.6140 SOL to 6kjdJfA43yxqrXMRD32bWaRjfzoCZnreQPk6zYeMVbK2
2021-10-25T21:31:29.000Z,116,61xyBymebDBEzwzZMhxwiGegLMEB9BoFBZTTvbykEi2TPH7hGnnLEJ6rrUZMjiAC2ByJvyNSSyAdEoYhPqsE6TaH,MAGICEDEN,SELL (NFT Swap),NFT-MONKETTE-1217,1.000000000,USD,2265.85,"2,265.85",,,,Sold Monkette for 12 SOL
2021-10-25T21:31:29.000Z,116,61xyBymebDBEzwzZMhxwiGegLMEB9BoFBZTTvbykEi2TPH7hGnnLEJ6rrUZMjiAC2ByJvyNSSyAdEoYhPqsE6TaH,MAGICEDEN,BUY (NFT Swap),SOL,10.981447680,USD,2265.85,206.33,,,,Sold Monkette for 12 SOL
2021-10-27T21:48:00.000Z,138,Nz1qTmb5oFmj7mqd63ULN9ZANZt7qz6R4tsuX6vcfynrjHJ4QDRZkZciS4KyEsiNcE8J9AfzbGQGivRyB4WBQqj,MagicEden,SELL (NFT Swap),SOL,4.002044279,USD,774.52,193.53,,,,
2021-10-27T21:48:00.000Z,138,Nz1qTmb5oFmj7mqd63ULN9ZANZt7qz6R4tsuX6vcfynrjHJ4QDRZkZciS4KyEsiNcE8J9AfzbGQGivRyB4WBQqj,MagicEden,BUY (NFT Swap),NFT-Goblin-9327,1.000000000,USD,774.52,774.52,,,,
2021-10-27T22:06:35.000Z,140,4beajwrrzR21aodUquKGXxrofGNEXVvDe66vrbG6VDYnvydgLsaobom6zhVqyFCogQiUW2SKEGrQDq8j1jFshYcU,MagicEden,SELL (NFT Swap),SOL,4.139900000,USD,801.20,193.53,,,,
2021-10-27T22:06:35.000Z,140,4beajwrrzR21aodUquKGXxrofGNEXVvDe66vrbG6VDYnvydgLsaobom6zhVqyFCogQiUW2SKEGrQDq8j1jFshYcU,MagicEden,BUY (NFT Swap),NFT-Goblin-7424,1.000000000,USD,801.20,801.20,,,,
2021-10-28T03:45:05.000Z,139,2wdchBkLy9eCkLiVrDWrpWMtMXerf1ENQno5udX77N3tYcC53niZ7bxg9chLBVMwrRXuog8hkHtSV6SNQ6vMPJ5t,MagicEden,SELL (NFT Swap),NFT-Goblin-9327,1.000000000,USD,557.69,557.69,,,,
2021-10-28T03:45:05.000Z,139,2wdchBkLy9eCkLiVrDWrpWMtMXerf1ENQno5udX77N3tYcC53niZ7bxg9chLBVMwrRXuog8hkHtSV6SNQ6vMPJ5t,MagicEden,BUY (NFT Swap),SOL,2.944000000,USD,557.69,189.43,,,,
2021-10-28T03:46:00.000Z,141,5f3Ytn11hmT68skgitux58SHXMnBcKkg8Yc7NLUeHCd5EoprKvEKhZTVQ8oHEqzcKX48FQvDtPrf7qyd93rrM37R,MagicEden,SELL (NFT Swap),NFT-Goblin-7424,1.000000000,USD,557.69,557.69,,,,
2021-10-28T03:46:00.000Z,141,5f3Ytn11hmT68skgitux58SHXMnBcKkg8Yc7NLUeHCd5EoprKvEKhZTVQ8oHEqzcKX48FQvDtPrf7qyd93rrM37R,MagicEden,BUY (NFT Swap),SOL,2.944000000,USD,557.69,189.43,,,,
2021-10-28T11:20:35.000Z,117,61xyBymebDBEzwzZMhxwiGegLMEB9BoFBZTTvbykEi2TPH7hGnnLEJ6rrUZMjiAC2ByJvyNSSyAdEoYhPqsE6TaH,ORCA,SELL (Token Swap),SOL,5.000000000,USD,947.16,189.43,,,,
2021-10-28T11:20:35.000Z,117,61xyBymebDBEzwzZMhxwiGegLMEB9BoFBZTTvbykEi2TPH7hGnnLEJ6rrUZMjiAC2ByJvyNSSyAdEoYhPqsE6TaH,ORCA,BUY (Token Swap),SAMO,5949.640000000,USD,947.16,0.16,,,,
2021-10-30T14:47:37.000Z,128,2LGJr4Q7Qo5ByPeC4BeAC8BtCgEnqn5WJRH61sywPAxJVwccb6sqwbiWhf1LFawETfVmHTEKgYT2jVTQhadx7aZ2,N/A,AIRDROP,NFT-Filly-1828,1.000000000,USD,0.00,0.00,,,,
2021-10-30T15:30:25.000Z,129,aEGckNexetq8AiuSyvpgvXEe1D4pCoCYmrXYqZK3oMiWJVdrueXVD22AD26TFL55RHsgQ1jC9qtzndMmWC6VQqU,N/A,AIRDROP,NFT-Filly-2090,1.000000000,USD,0.00,0.00,,,,
2021-10-30T16:05:33.000Z,130,gtp8kTvaWaHukzKcVFuUYubMnMjZPDxUZsWyaejghoUfLkJ6Azkoi3XTyb4ZDY1eYaHMPetaRBe3x7o9sQqJyfB,N/A,AIRDROP,NFT-Filly-0572,1.000000000,USD,0.00,0.00,,,,
2021-10-30T16:42:34.000Z,131,3YeCoL51ZB9gSBgbs4KLctHYgPNiX33uqoqCN8qezgHqGY713wvq8fe9dtPHdDkLJhRTPJGPqm8vHkp4KMuipX7F,N/A,AIRDROP,NFT-Filly-2088,1.000000000,USD,0.00,0.00,,,,
2021-11-02T00:02:23.126Z,52,21448704,CB Pro,BUY,SOL,39.272000000,USD,7972.22,203.00,USD,27.903,"8,000.12",
2021-11-03T20:14:13.000Z,132,Complex,N/A,SELL (NFT Swap),SOL,1.000000000,USD,229.51,229.51,,,,
2021-11-03T20:14:13.000Z,132,yxFPArZ6vmi9AYJbjjSCwu1SJscVUZKQGFRPCYeYzwYQtSii7MjSJGC2wBEwao8zogiPe2KQN5BRMBi7kHQhE4T,N/A,BUY (NFT Swap),NFT-Filly-3415,1.000000000,USD,229.51,229.51,,,,
2021-11-03T20:21:23.000Z,133,Complex,N/A,SELL (NFT Swap),SOL,1.000000000,USD,229.51,229.51,,,,
2021-11-03T20:21:23.000Z,133,59pe33HRd3mYniqsdNseoBazbuU4T5LXw9T317Bz2WVqbsQJQo7JaJ7S18Tz7Ft7jGsKQVpdCMGiKJHWbaDLCdZM,N/A,BUY (NFT Swap),NFT-Filly-3627,1.000000000,USD,229.51,229.51,,,,
2021-11-03T20:22:54.000Z,134,Complex,N/A,SELL (NFT Swap),SOL,1.000000000,USD,229.51,229.51,,,,
2021-11-03T20:22:54.000Z,134,59xgq6SjFFCoanLHJ3gzQ4w1e2LZ2yMFcTT4yt8bxDQV64rs8LXpqQSqT7SUjGHUS5FyGdWG2YvhNgSDtJmsQYat,N/A,BUY (NFT Swap),NFT-Filly-3664,1.000000000,USD,229.51,229.51,,,,
2021-11-03T20:24:08.000Z,135,Complex,N/A,SELL (NFT Swap),SOL,1.000000000,USD,229.51,229.51,,,,
2021-11-03T20:24:08.000Z,135,vLpT5bCMS1PHy5sRoKpqvFoajE4WQ7HYjx5rhVu5iBk9qo36ogsAwhzSoo7XDGorUN2RZuGtppYNSav3gFkrVKq,N/A,BUY (NFT Swap),NFT-Filly-3695,1.000000000,USD,229.51,229.51,,,,
2021-11-07T17:30:30.000Z,136,4TvhHX6AhNoeZqi821CvpEh6hmxDmDK66FPCTyKybQJ98ofZozuy8nYd9ySUB13msgL4TknzESCAFcXG5RL6DRMG,N/A,AIRDROP,NFT-Floppy-0234,1.000000000,USD,0.00,0.00,,,,
2021-11-09T19:30:30.000Z,137,2g3GJbE9r9NYdNcZEoBE9zkS6vkb1yGjty59hZ5otArw7KgmBv2wXRFxstwYeFnBN51CMboWMK7PsK1mPVbEAbbH,MagicEden,SELL (NFT Swap),NFT-Floppy-0234,1.000000000,USD,2184.42,"2,184.42",,,,
2021-11-09T19:30:30.000Z,137,2g3GJbE9r9NYdNcZEoBE9zkS6vkb1yGjty59hZ5otArw7KgmBv2wXRFxstwYeFnBN51CMboWMK7PsK1mPVbEAbbH,MagicEden,BUY (NFT Swap),SOL,8.901447680,USD,2184.42,245.40,,,,
2021-11-30T06:04:12.190Z,53,27636593,CB Pro,BUY,SOL,39.603000000,USD,7960.20,201.00,USD,39.801,"8,000.00",
2022-01-16T03:53:42.000Z,61,ETH_0xd1e0eb258e7ab9bfc88cc7b65d844c80a017367ce7242613654b83a3fe335061,N/A,AIRDROP,LOOKS,125.000000000,USD,0.00,0.00,USD,0.000,0.00,Airdrop of LOOKS token
2022-01-16T04:02:40.000Z,62,ETH_0xce1be315b7e110ef3d8387cf0e0e5973b664285970ed9d27718d055667febf26,Uniswap,SELL (Token Swap),LOOKS,125.000000000,USD,469.99,3.76,USD,0.000,469.99,1of2-Swap LOOKS for ETH
2022-01-16T04:02:40.000Z,62,ETH_0xce1be315b7e110ef3d8387cf0e0e5973b664285970ed9d27718d055667febf26,Uniswap,BUY (Token Swap),ETH,0.141414211,USD,469.99,"3,323.51",USD,0.000,469.99,2of2-Swap LOOKS for ETH
2022-01-16T23:16:55.000Z,1498,SOL_2isnMpiakdzeTjw2pegr3RpRjNYr4kmES9MCvcXUZVgxqEtHy8ybh7EXd7AkrA8WKSxsya3gqxUpTRakUawSsPES,Mint,SELL (NFT Swap),SOL,2.232939720,USD,330.19,147.87,,,,
2022-01-16T23:16:55.000Z,1498,SOL_2isnMpiakdzeTjw2pegr3RpRjNYr4kmES9MCvcXUZVgxqEtHy8ybh7EXd7AkrA8WKSxsya3gqxUpTRakUawSsPES,Mint,BUY (NFT Swap),NFT-SUITE-1237,1.000000000,USD,330.19,330.19,,,,
2022-01-17T00:39:57.000Z,2000,2poVQFCU8NUmHgL7wND6ZCDVu2pnqpdkmGdqSxhUJFhWNKgmGxTxxhNEUzzg8DzmECQHfgQGuyKmTSiXYnjnaTwm,MagicEden,SELL,NFT-SUITE-1237,1.000000000,USD,1779.56,"1,779.56",,,,Sold Suite for 13 SOL
2022-01-17T00:39:57.000Z,2000,2poVQFCU8NUmHgL7wND6ZCDVu2pnqpdkmGdqSxhUJFhWNKgmGxTxxhNEUzzg8DzmECQHfgQGuyKmTSiXYnjnaTwm,MagicEden,BUY,SOL,12.090000000,USD,1779.56,147.19,,,,Sold Suite for 13 SOL
2022-02-01T05:16:51.000Z,2001,34SdF3K2VagoS8MyvrCnmEj16rw4j45DGE3Pr6rNAU6SadDLTp9MknJDmpaXxRD32LdAamAs7y26k7CfMZJgx49h,MagicEden,SELL (NFT Swap),SOL,15.000000000,USD,1586.25,105.75,,,,Buy Stud 3950 for 15 SOL
2022-02-01T05:16:51.000Z,2001,34SdF3K2VagoS8MyvrCnmEj16rw4j45DGE3Pr6rNAU6SadDLTp9MknJDmpaXxRD32LdAamAs7y26k7CfMZJgx49h,MagicEden,BUY (NFT Swap),NFT-STUD-3905,1.000000000,USD,1586.25,"1,586.25",,,,Buy Stud 3950 for 15 SOL
2022-02-03T16:32:13.000Z,2002,VRdjLPWiCjJKAyDaQ169dunS2qbms9K1gy8BRZ5g2iNPMPyvoHjJ6pg7Tx1JcEtfPruiL3Z6N7Gq9UJDkHSEcyT,MagicEden,SELL (NFT Swap),NFT-Filly-3415,1.000000000,USD,1092.84,"1,092.84",,,,Sell Filly 3415 for 12 SOL
2022-02-03T16:32:13.000Z,2002,VRdjLPWiCjJKAyDaQ169dunS2qbms9K1gy8BRZ5g2iNPMPyvoHjJ6pg7Tx1JcEtfPruiL3Z6N7Gq9UJDkHSEcyT,MagicEden,BUY (NFT Swap),SOL,11.160000000,USD,1092.84,97.92,,,,Sell Filly 3415 for 12 SOL
2022-02-04T17:28:29.000Z,2003,5yP4SzTzhzFXU7S3Jdfd5jUqw4M1CrqPYu52z1S9ykJP7fYDwRuL3RGyJEm4ie2tKnELCmLidGs5N9rqgQ98pVEc,MagicEden,SELL (NFT Swap),NFT-Filly-2090,1.000000000,USD,2047.86,"2,047.86",,,,Sell Filly 2090 for 20 SOL
2022-02-04T17:28:29.000Z,2003,5yP4SzTzhzFXU7S3Jdfd5jUqw4M1CrqPYu52z1S9ykJP7fYDwRuL3RGyJEm4ie2tKnELCmLidGs5N9rqgQ98pVEc,MagicEden,BUY (NFT Swap),SOL,18.600000000,USD,2047.86,110.10,,,,Sell Filly 2090 for 20 SOL
2022-02-07T00:56:05.000Z,2004,57WfAfH7zW3uHqsyy6UhFVYJEgEwJyhAPBLNwv9XXzmBFcbNknj6bjCGjE6ucuKDVWxfDKZ2qbpk7JMgNBj34A5B,MagicEden,SELL (NFT Swap),NFT-STUD-976,1.000000000,USD,1057.32,"1,057.32",,,,Sell Stud 976 for 10 SOL
2022-02-07T00:56:05.000Z,2004,57WfAfH7zW3uHqsyy6UhFVYJEgEwJyhAPBLNwv9XXzmBFcbNknj6bjCGjE6ucuKDVWxfDKZ2qbpk7JMgNBj34A5B,MagicEden,BUY (NFT Swap),SOL,9.300000000,USD,1057.32,113.69,,,,Sell Stud 976 for 10 SOL
2022-02-07T09:15:42.000Z,2005,Yrqi6JBDUDzB66YXnrwZfojRSzBfR41qQJ2zbdHs2TdnPhyY9hMSJJeTKibdds1kaP64CvmnJb4T57wZ2jRVns8,MagicEden,SELL (NFT Swap),NFT-Filly-2088,1.000000000,USD,1247.92,"1,247.92",,,,Sell Filly 2088 for 11.5 SOL
2022-02-07T09:15:42.000Z,2005,Yrqi6JBDUDzB66YXnrwZfojRSzBfR41qQJ2zbdHs2TdnPhyY9hMSJJeTKibdds1kaP64CvmnJb4T57wZ2jRVns8,MagicEden,BUY (NFT Swap),SOL,10.695000000,USD,1247.92,116.68,,,,Sell Filly 2088 for 11.5 SOL
2022-03-23T23:53:56.000Z,2006,4ivvmgSoL7UH4jnYDREndTuCNpD88MYB9sD9P91HuFrTxvAsvzyHUFbTa7ZKNkGDyMTJDkaPkFv85rrFRKvhZ1Xc,MagicEden,SELL (NFT Swap),SOL,12.700000000,USD,1205.23,94.90,,,,Buy CET for 12.7 SOL
2022-03-23T23:53:56.000Z,2006,4ivvmgSoL7UH4jnYDREndTuCNpD88MYB9sD9P91HuFrTxvAsvzyHUFbTa7ZKNkGDyMTJDkaPkFv85rrFRKvhZ1Xc,MagicEden,BUY (NFT Swap),NFT-CET-#5444,1.000000000,USD,1205.23,"1,205.23",,,,Buy CET for 12.7 SOL
2022-03-26T21:54:43.000Z,2007,4gXcT3uNDFfgRDqE89FsLc1qQwfuD7oYSYhC737EiUPT9QaqQTuufLTVRycMcWo1DRkwtJVcMY4DH4xFa6JxU2uQ,UNKNOWN,SELL (NFT Swap),SOL,269.000000000,USD,27464.90,102.10,,,,Buy SMB for 269 SOL
2022-03-26T21:54:43.000Z,2007,4gXcT3uNDFfgRDqE89FsLc1qQwfuD7oYSYhC737EiUPT9QaqQTuufLTVRycMcWo1DRkwtJVcMY4DH4xFa6JxU2uQ,UNKNOWN,BUY (NFT Swap),NFT-SMB-4279,1.000000000,USD,27464.90,"27,464.90",,,,Buy SMB for 269 SOL
2022-03-28T16:56:18.000Z,2008,2HUjYY9sWpqfrLsi3pTEdvBJv6WAQYJGmpJvGhatpqmEt958kvaXNLUfSjPW9LsFWCchDiio59uYW9NTVdMhrRJc,MagicEden,SELL (NFT Swap),NFT-SOLSTEAD-27_Ape_Lane,1.000000000,USD,2873.25,"2,873.25",,,,Sell Solstead for 28 SOL
2022-03-28T16:56:18.000Z,2008,2HUjYY9sWpqfrLsi3pTEdvBJv6WAQYJGmpJvGhatpqmEt958kvaXNLUfSjPW9LsFWCchDiio59uYW9NTVdMhrRJc,MagicEden,BUY (NFT Swap),SOL,26.040000000,USD,2873.25,110.34,,,,Sell Solstead for 28 SOL
2022-03-29T17:44:23.000Z,2009,SOL_SCZNGKvDc2VkFWb9avbqJXZrkw2kKQSsvSrCxFq7vdcN1yRsBNh4xzebRJnx3uNYFqHXaLqnusNqwYUQ96nFfJy,ORCA,SELL (Token Swap),SOL,0.922076720,USD,100.99,109.52,,,,Sell SOL for USDC
2022-03-29T17:44:23.000Z,2009,SOL_SCZNGKvDc2VkFWb9avbqJXZrkw2kKQSsvSrCxFq7vdcN1yRsBNh4xzebRJnx3uNYFqHXaLqnusNqwYUQ96nFfJy,ORCA,BUY (Token Swap),USDC,100.990000000,USD,100.99,1.00,,,,Sell SOL for USDC
2022-04-21T18:05:59.000Z,2010,SOL_59PcXxaLdbwaXhLehSgFVrFhJaJLsL7VTw9rmxxUg8z5LAsx78KXEoH9k2ihubFQqSYb4g4x6k3F1r5TodAA6YD1,N/A,AIRDROP,NFT-CET-MELK,1.000000000,USD,0.00,0.00,,,,Receive Cets Melk via Airdrop
2022-04-29T05:14:23.000Z,2011,3zZZ6aymFCSvwRFknhCg7iHzPef31SkjTjZLfuS62NEw7ym39KMKgiCxACH3AkypipHyK7FQoEdTE8Xfewm7AFDH,MagicEden,SELL (NFT Swap),NFT-CET-#5444,1.000000000,USD,5566.89,"5,566.89",,,,Sell CET for 64 SOL
2022-04-29T05:14:23.000Z,2011,3zZZ6aymFCSvwRFknhCg7iHzPef31SkjTjZLfuS62NEw7ym39KMKgiCxACH3AkypipHyK7FQoEdTE8Xfewm7AFDH,MagicEden,BUY (NFT Swap),SOL,57.036800000,USD,5566.89,97.60,,,,Sell CET for 64 SOL
2022-04-29T06:07:31.000Z,2012,57ktk7DPnMJPSFXNp2woNSMkKFQpr7QixFaJVqPLxS5DTniQ5R3rKUva83WkMcEnfg97KCha652fihKtPjqo8B69,MagicEden,SELL (NFT Swap),SOL,109.800000000,USD,10718.68,97.62,,,,Buy OKB for 109.8 SOL
2022-04-29T06:07:31.000Z,2012,57ktk7DPnMJPSFXNp2woNSMkKFQpr7QixFaJVqPLxS5DTniQ5R3rKUva83WkMcEnfg97KCha652fihKtPjqo8B69,MagicEden,BUY (NFT Swap),NFT-OKB-9727,1.000000000,USD,10718.68,"10,718.68",,,,Buy OKB for 109.8 SOL
2022-05-08T17:44:32.000Z,2013,4iB3nphSNPZF3PW9css33miRVFpjqZeMJdDVcF7kPk6LPdZGb7ne9QSscckdYeYoaEsecitAEMaj6VSJwnvhWyfk,MagicEden,SELL (NFT Swap),NFT-CET-MELK,1.000000000,USD,759.38,759.38,,,,Sell Cets Melk for 11.25 SOL
2022-05-08T17:44:32.000Z,2013,4iB3nphSNPZF3PW9css33miRVFpjqZeMJdDVcF7kPk6LPdZGb7ne9QSscckdYeYoaEsecitAEMaj6VSJwnvhWyfk,MagicEden,BUY (NFT Swap),SOL,9.945000000,USD,759.38,76.36,,,,Sell Cets Melk for 11.25 SOL
2022-05-20T18:36:18.000Z,2014,2yCHkGsiwoQk2ugLhM1DTiCHJrf7GdbeYWy26tsfbETTgy8NHWK7w2FxhG7Wbe6cYGWLQ2Nob6oTxko5uZzM5XFg,MagicEden,SELL (NFT Swap),NFT-OKB-9727,1.000000000,USD,8659.14,"8,659.14",,,,Sell OKB for 195 SOL
2022-05-20T18:36:18.000Z,2014,2yCHkGsiwoQk2ugLhM1DTiCHJrf7GdbeYWy26tsfbETTgy8NHWK7w2FxhG7Wbe6cYGWLQ2Nob6oTxko5uZzM5XFg,MagicEden,BUY (NFT Swap),SOL,176.475000000,USD,8659.14,49.07,,,,Sell OKB for 195 SOL
2022-06-17T18:24:52.000Z,2015,ocAudTdawtJcSGAb8Ku1w6y2Z6gJEGomHHUw9twPiCTJ6ZxwsypmzMEGstgjrqf82CBtxFdQnoho71b8chRFFAK,MagicEden,SELL (NFT Swap),NFT-SMB-4763,1.000000000,USD,6230.70,"6,230.70",,,,Sell Monke for 215 SOL
2022-06-17T18:24:52.000Z,2015,ocAudTdawtJcSGAb8Ku1w6y2Z6gJEGomHHUw9twPiCTJ6ZxwsypmzMEGstgjrqf82CBtxFdQnoho71b8chRFFAK,MagicEden,BUY (NFT Swap),SOL,197.800000000,USD,6230.70,31.50,,,,Sell Monke for 215 SOL
2022-07-15T22:35:45.000Z,1008,ETH_0xa01df1175f5243f6bf8712f1cd754baea595874ed06a5fd2fd156d38ad8749b2,SPASS_MINT,SELL (NFT Swap),ETH,0.41,USD,513.51,"1,252.45",,,,1of2 Mint SPASS 687
2022-07-15T22:35:45.000Z,1008,ETH_0xa01df1175f5243f6bf8712f1cd754baea595874ed06a5fd2fd156d38ad8749b2,SPASS_MINT,BUY (NFT Swap),SPASS-687,1.00,USD,513.51,513.51,,,,2of2 Mint SPASS 687
2022-07-15T22:37:40.000Z,1009,ETH_0x172c0196f922d2b450e796ec2e6cec93e7bd0479963e58de51866b3e00a9f333,SPASS_MINT,SELL (NFT Swap),ETH,0.41,USD,513.51,"1,252.45",,,,1of4 Mint SPASS 687
2022-07-15T22:37:40.000Z,1009,ETH_0x172c0196f922d2b450e796ec2e6cec93e7bd0479963e58de51866b3e00a9f333,SPASS_MINT,BUY (NFT Swap),SPASS-692,1.00,USD,513.51,513.51,,,,2of4 Mint SPASS 687
2022-07-15T22:37:40.000Z,1009,ETH_0x172c0196f922d2b450e796ec2e6cec93e7bd0479963e58de51866b3e00a9f333,SPASS_MINT,SELL (NFT Swap),ETH,0.41,USD,513.51,"1,252.45",,,,3of4 Mint SPASS 687
2022-07-15T22:37:40.000Z,1009,ETH_0x172c0196f922d2b450e796ec2e6cec93e7bd0479963e58de51866b3e00a9f333,SPASS_MINT,BUY (NFT Swap),SPASS-693,1.00,USD,513.51,513.51,,,,4of4 Mint SPASS 687
2022-08-25T19:59:17.000Z,2015,3cLxtvHGjsNGTuvyXUVpH1XzpL6KTzDBQbhhCnWRgHx9p2DdHx2M22eMRLhGzp2cw26vN9ySbEsRxAuooLssQMVa,MagicEden,SELL (NFT Swap),SOL,2.497000000,USD,89.34,35.78,,,,Buy Duck for 2.497 SOL
2022-08-25T19:59:17.000Z,2015,3cLxtvHGjsNGTuvyXUVpH1XzpL6KTzDBQbhhCnWRgHx9p2DdHx2M22eMRLhGzp2cw26vN9ySbEsRxAuooLssQMVa,MagicEden,BUY (NFT Swap),NFT-Duck-#4414,1.000000000,USD,89.34,89.34,,,,Buy Duck for 2.497 SOL
2022-09-02T19:27:36.000Z,2016,5qTCaUAhGrAC6Dfb5tiw3GQTPpMGzuMZHnoQauRo8tugusGCip5nzrsC3JYaRDQafazszhNwGSMyco1ZTbme38ns,MagicEden,SELL (NFT Swap),SOL,6.890000000,USD,214.40,31.12,,,,Buy Duck for 6.89 SOL
2022-09-02T19:27:36.000Z,2016,5qTCaUAhGrAC6Dfb5tiw3GQTPpMGzuMZHnoQauRo8tugusGCip5nzrsC3JYaRDQafazszhNwGSMyco1ZTbme38ns,MagicEden,BUY (NFT Swap),NFT-Duck-#3124,1.000000000,USD,214.40,214.40,,,,Buy Duck for 6.89 SOL
2022-09-08T20:30:17.000Z,1010,ETH_0x97cb217d85d2014242b964be2be38aa5e5f1b742645816944c5cb71add9cc90d,COMPOUND,REDEEM,COMP,0.29,USD,0.00,0.00,,,,1of1 Redeem COMP
2022-09-08T20:30:17.000Z,1010,ETH_0x97cb217d85d2014242b964be2be38aa5e5f1b742645816944c5cb71add9cc90d,COMPOUND,REDEEM,ETH,0.01,USD,0.00,0.00,,,,"1of1 Redeem ETH (Deposit 33 ETH, Withdraw 33.01)"
2022-11-09T04:06:08.000Z,1379,SOL_3reHxK9NpuvnKipi9k9ofujpfbttkvNMviKnmr41aTfeEjbzLADBq89CuSHVbUcn5cuaGhJPMY2mExT7gNgg3SWF,CB Pro,BUY,USDC,2249.95,USD,2249.95,1.00,,,,USDC Withdrawal off Coinbase Pro
2022-12-25T06:05:20.000Z,2017,2TpULZxSL7quYUcjQnshvkdsYbbGAVCtaJFEydof3efKMA5M3poqehwjytVKygPX6om38ovHjzmwevwTE37Cp542,N/A,AIRDROP,BONK,25773195876.28,USD,0.00,0.00,SOL,0.000,,Bonk Airdrop
2023-01-02T20:55:41.000Z,2018,3CxW9MhhT1uNADCTVyz2baCjKUV9p3BCw6zSu2iDURXzAxvRF3aQ9TNewT19M24gb9AqnevmEdMJcnTdYRNR3AiH,ORCA,SELL (Token Swap),BONK,6886597938.00,USD,5324.84,0.00,SOL,,,1of2 Sell BONK for SOL
2023-01-02T20:55:41.000Z,2018,3CxW9MhhT1uNADCTVyz2baCjKUV9p3BCw6zSu2iDURXzAxvRF3aQ9TNewT19M24gb9AqnevmEdMJcnTdYRNR3AiH,ORCA,BUY (Token Swap),SOL,470.39,USD,5324.84,11.32,SOL,,,2of2 Sell BONK for SOL
2023-01-03T23:34:09.000Z,2019,5VLV38dqVt5ATHBD2nTnPVREtwPSBKfSr6XAfnrDa4RnrRs2ew6WzfEcBhK4wJHjjwB97tp12nf4BJ7t1WyNGTsg,ORCA,BUY,BONK,1584951089.13,USD,2000.00,0.00,SOL,,,1of2 Sell BONK for USDC
2023-01-03T23:34:09.000Z,2019,5VLV38dqVt5ATHBD2nTnPVREtwPSBKfSr6XAfnrDa4RnrRs2ew6WzfEcBhK4wJHjjwB97tp12nf4BJ7t1WyNGTsg,ORCA,SELL,USDC,2000.00,USD,2000.00,1.00,SOL,,,2of2 Sell BONK for USDC
2023-01-04T14:22:02.000Z,3004,,Coinbase,TRANSFER - RECEIVE,ETH,2.250000000,USD,2813.74,"1,250.55",,,,Received 2.2500 ETH from an external account
2023-01-04T23:27:21.000Z,2020,3jyYjy5tQoyZYzcCmJgTbUfi77UhFe8yUwWF1mLGSPg15ovUMZx2Mb4bfjNhSD1o6NK6B1GechMAmVLksmhkDJvC,ORCA,SELL,BONK,1584951089.0,USD,5071.58,0.00,SOL,,,1of2 Sell BONK for USDC
2023-01-04T23:27:21.000Z,2020,3jyYjy5tQoyZYzcCmJgTbUfi77UhFe8yUwWF1mLGSPg15ovUMZx2Mb4bfjNhSD1o6NK6B1GechMAmVLksmhkDJvC,ORCA,BUY,USDC,5071.6,USD,5071.58,1.00,SOL,,,2of2 Sell BONK for USDC
2023-01-05T05:29:07.000Z,2021,3UfEx45AAcsaF5b8CawyFdZbKVQJ4jro1CFdC6Q2v1c5y1QDVYFTbyaQeX11iaeMk4rA4Pbo4E59KYhnLq3Tgxpt,ORCA,SELL,BONK,1000000000.0,USD,4616.97,0.00,SOL,,,1of2 Sell BONK for USDC
2023-01-05T05:29:07.000Z,2021,3UfEx45AAcsaF5b8CawyFdZbKVQJ4jro1CFdC6Q2v1c5y1QDVYFTbyaQeX11iaeMk4rA4Pbo4E59KYhnLq3Tgxpt,ORCA,BUY,USDC,4617.0,USD,4616.97,1.00,SOL,,,2of2 Sell BONK for USDC
2023-01-05T22:58:21.000Z,2022,yFU9b5NBeCYENEiWHeZSjHKmSp4VAt3n9ZhBv1BjynGogYdoGboLQURn2siYQbUZHL6QQ3nxhw68KQMvWacp4D3,ORCA,SELL,BONK,2000000000.000000000,USD,5105.81,0.00,SOL,,,1of2 Sell BONK for USDC
2023-01-05T22:58:21.000Z,2022,yFU9b5NBeCYENEiWHeZSjHKmSp4VAt3n9ZhBv1BjynGogYdoGboLQURn2siYQbUZHL6QQ3nxhw68KQMvWacp4D3,ORCA,BUY,USDC,5105.810000000,USD,5105.81,1.00,SOL,,,2of2 Sell BONK for USDC
2023-01-06T05:24:01.000Z,2023,3pGTAy15SgZ6bURVdvedhHb8SZnzKoSgLZi743XYHTEx5wbPRDZ3ictAJy6ckktjgbGNkD5cs5FstVLYEnhoaFFP,ORCA,SELL,BONK,2000000000.000000000,USD,4912.30,0.00,SOL,,,1of2 Sell BONK for USDC
2023-01-06T05:24:01.000Z,2023,3pGTAy15SgZ6bURVdvedhHb8SZnzKoSgLZi743XYHTEx5wbPRDZ3ictAJy6ckktjgbGNkD5cs5FstVLYEnhoaFFP,ORCA,BUY,USDC,4912.300000000,USD,4912.30,1.00,SOL,,,2of2 Sell BONK for USDC
2023-01-07T06:02:22.000Z,2024,5AXbnrMcCfj646xTDn4tMiEKPxg7N5izQhtbMX7pVF1bUMdGxCD4VkTJHbs7aJeutx4TbqmREJiLK76Xa3mrE3cx,ORCA,SELL,BONK,3000000000.000000000,USD,5560.49,0.00,SOL,,,1of2 Sell BONK for USDC
2023-01-07T06:02:22.000Z,2024,5AXbnrMcCfj646xTDn4tMiEKPxg7N5izQhtbMX7pVF1bUMdGxCD4VkTJHbs7aJeutx4TbqmREJiLK76Xa3mrE3cx,ORCA,BUY,USDC,5560.490000000,USD,5560.49,1.00,SOL,,,2of2 Sell BONK for USDC
2023-01-08T19:43:08.000Z,3005,,Coinbase,TRANSFER-SEND,ETH,0.750735000,USD,949.59,"1,264.88",,,,Sent 0.750735 ETH to 0x2C44D46287dA084330ae5029d5aC0beacfC5d652
2023-01-13T14:24:21.000Z,2025,3zHdi6VhfF5CqcL8NfCNZMDyEb3ihoaPdNNEKmVFJdhNbpeUxLKrdjCagyd4Z3sb7f1CHhGPyDTbA7zeHharrWaZ,ORCA,SELL,BONK,5427048969.210000000,USD,4974.31,0.00,SOL,,,1of2 Sell BONK for USDC
2023-01-13T14:24:21.000Z,2025,3zHdi6VhfF5CqcL8NfCNZMDyEb3ihoaPdNNEKmVFJdhNbpeUxLKrdjCagyd4Z3sb7f1CHhGPyDTbA7zeHharrWaZ,ORCA,BUY,USDC,4974.310000000,USD,4974.31,1.00,SOL,,,2of2 Sell BONK for USDC
2023-02-03T04:49:17.000Z,3003,,Coinbase,BUY,ETH,1.000000000,USD,1642.00,"1,642.00",USD,6.570,1648.57,"Bought 1.0000 ETH for $1,648.57 USD on ETH-USD"
2023-02-03T04:49:18.000Z,3003,,Coinbase,BUY,ETH,0.500000000,USD,821.00,"1,642.00",USD,3.280,824.28,Bought 0.5000 ETH for $824.28 USD on ETH-USD
2023-02-03T04:49:18.000Z,3003,,Coinbase,BUY,ETH,0.514900000,USD,845.47,"1,642.01",USD,3.380,848.85,Bought 0.5149 ETH for $848.85 USD on ETH-USD
2023-02-03T04:49:18.000Z,3003,,Coinbase,BUY,ETH,0.500000000,USD,821.00,"1,642.00",USD,3.280,824.28,Bought 0.5000 ETH for $824.28 USD on ETH-USD
2023-02-03T04:49:18.000Z,3003,,Coinbase,BUY,ETH,0.500000000,USD,821.00,"1,642.00",USD,3.280,824.28,Bought 0.5000 ETH for $824.28 USD on ETH-USD
2023-02-03T04:49:18.000Z,3003,,Coinbase,BUY,ETH,1.500000000,USD,2463.00,"1,642.00",USD,9.850,2472.85,"Bought 1.5000 ETH for $2,472.85 USD on ETH-USD"
2023-02-03T04:49:18.000Z,3003,,Coinbase,BUY,ETH,0.500000000,USD,821.00,"1,642.00",USD,3.280,824.28,Bought 0.5000 ETH for $824.28 USD on ETH-USD
2023-02-03T04:49:18.000Z,3003,,Coinbase,BUY,ETH,0.500000000,USD,821.00,"1,642.00",USD,3.280,824.28,Bought 0.5000 ETH for $824.28 USD on ETH-USD
2023-02-03T04:49:19.000Z,3003,,Coinbase,BUY,ETH,1.000000000,USD,1642.00,"1,642.00",USD,6.570,"1,648.57","Bought 1.0000 ETH for $1,648.57 USD on ETH-USD"
2023-02-03T04:49:19.000Z,3003,,Coinbase,BUY,ETH,0.500000000,USD,821.00,"1,642.00",USD,3.280,824.28,Bought 0.5000 ETH for $824.28 USD on ETH-USD
2023-02-03T04:49:19.000Z,3003,,Coinbase,BUY,ETH,0.985100000,USD,1617.53,"1,642.00",USD,6.470,1624.00,"Bought 0.9851 ETH for $1,624.00 USD on ETH-USD"
2023-02-03T07:38:17.000Z,3000,a6f89692-97a9-44b4-b62d-2ef96771036d,Coinbase,BUY,SOL,8.537000000,USD,207.02,24.25,USD,0.828,207.85,Bought 8.5370 SOL for $207.85 USD on SOL-USD
2023-02-03T08:06:24.000Z,3000,a6f89692-97a9-44b4-b62d-2ef96771036d,Coinbase,BUY,SOL,5.233000000,USD,126.90,24.25,USD,0.508,127.41,Bought 5.2330 SOL for $127.41 USD on SOL-USD
2023-02-03T08:07:05.000Z,3000,a6f89692-97a9-44b4-b62d-2ef96771036d,Coinbase,BUY,SOL,241.773000000,USD,5863.00,24.25,USD,23.450,5886.45,"Bought 241.7730 SOL for $5,886.45 USD on SOL-USD"
2023-02-03T08:07:05.000Z,3000,a6f89692-97a9-44b4-b62d-2ef96771036d,Coinbase,BUY,SOL,244.457000000,USD,5928.08,24.25,USD,23.710,5951.79,"Bought 244.4570 SOL for $5,951.79 USD on SOL-USD"
2023-02-13T16:36:37.000Z,3040,SOL: 5iZZNJ7MKHnaVtsXVaajiCLtTmcvVqFpT2Y9oSQXBFyGmpxKXrPRszbngTdFLVEcn4HZ5KnmiCfk7Mwcj8u4PDR3,ORCA,SELL (Token Swap),USDC,10000.000000000,USD,10000.00,1.00,,,,Sell USDC for SOL on Orca (1 of 2)
2023-02-13T16:36:37.000Z,3040,SOL: 5iZZNJ7MKHnaVtsXVaajiCLtTmcvVqFpT2Y9oSQXBFyGmpxKXrPRszbngTdFLVEcn4HZ5KnmiCfk7Mwcj8u4PDR3,ORCA,BUY (Token Swap),SOL,489.28,USD,10000.00,20.44,,,,Sell USDC for SOL on Orca (2 of 2)
2023-02-13T16:38:43.000Z,3041,SOL: 2pY8dSMADTLxbN15QStJM9RZVEjSPLpAWymFrauBB2CAkCiLanL5w9VYFYhbvfJttADFCKwZx1kcnwLyWJxPFTMZ,ORCA,SELL (Token Swap),USDC,10000.00,USD,10000.00,1.00,,,,Sell USDC for SOL on Orca (1 of 2)
2023-02-13T16:38:43.000Z,3041,SOL: 2pY8dSMADTLxbN15QStJM9RZVEjSPLpAWymFrauBB2CAkCiLanL5w9VYFYhbvfJttADFCKwZx1kcnwLyWJxPFTMZ,ORCA,BUY (Token Swap),SOL,491.25,USD,10000.00,20.36,,,,Sell USDC for SOL on Orca (2 of 2)
2023-02-13T16:44:48.000Z,3042,SOL: 5RU4Ty93GKFKu8buwoQLi8D9bX8cikpi4oVf8zybjm5vYWpdz4jErYXDjKRN3mryME2Z6XAGJeJyp3fF8NswQErU,ORCA,SELL (Token Swap),USDC,10200.00,USD,10200.00,1.00,,,,Sell USDC for SOL on Orca (1 of 2)
2023-02-13T16:44:48.000Z,3042,SOL: 5RU4Ty93GKFKu8buwoQLi8D9bX8cikpi4oVf8zybjm5vYWpdz4jErYXDjKRN3mryME2Z6XAGJeJyp3fF8NswQErU,ORCA,BUY (Token Swap),SOL,501.85,USD,10200.00,20.32,,,,Sell USDC for SOL on Orca (2 of 2)
2023-02-13T18:13:20.000Z,3001,SOL: UxNs2WNJq7AyFF4ZScxSVsnPwza1wDxQcXKLjNDuDFrgvD1T2TncxRiKGmerHbc68Y2HoapkWdaRo29C15pCF2n,Coinbase,TRANSFER-RECEIVE,SOL,1500.000000000,USD,30240.00,20.16,,,,"Received 1,500.0000 SOL from an external account"
